,Player,Nation,Pos,Age,MP,Starts,Min,90s,Gls,Ast,G+A,G-PK,PK,PKatt,CrdY,CrdR,xG,npxG,xAG,npxG+xAG,PrgC,PrgP,PrgR,Matches,Club,Tkl,TklW,Def 3rd,Mid 3rd,Att 3rd,Tkl,Att,Tkl%,Lost,Blocks,Sh,Pass,Int,Tkl+Int,Clr,Err
0,Aaron Ramsdale,ENG,GK,24.0,38,38,3420.0,38.0,0.0,0.0,0.0,0.0,0.0,0.0,1.0,0.0,0.0,0.0,0.0,0.0,0.0,8.0,0.0,Matches,Arsenal ,1,1,1,0,0,1,1,100.0,0,0,0,0,0,1,20,6
1,Gabriel Dos Santos,BRA,DF,24.0,38,38,3409.0,37.9,3.0,0.0,3.0,3.0,0.0,0.0,5.0,0.0,5.1,5.1,0.3,5.3,18.0,153.0,16.0,Matches,Arsenal ,48,30,29,15,4,18,27,66.7,9,49,26,23,32,80,125,2
2,Bukayo Saka,ENG,FW,20.0,38,37,3181.0,35.3,14.0,11.0,25.0,12.0,2.0,3.0,6.0,0.0,11.2,9.1,8.5,17.6,179.0,109.0,520.0,Matches,Arsenal ,63,34,22,15,26,20,44,45.5,24,38,0,38,14,77,19,0
3,Martin Ødegaard,NOR,MF,23.0,37,37,3127.0,34.7,15.0,7.0,22.0,15.0,0.0,0.0,4.0,0.0,10.0,10.0,8.1,18.1,83.0,266.0,193.0,Matches,Arsenal ,36,23,12,14,10,14,47,29.8,33,20,5,15,6,42,12,1
4,Ben White,ENG,DF,24.0,38,36,3055.0,33.9,2.0,5.0,7.0,2.0,0.0,0.0,5.0,0.0,1.3,1.3,3.2,4.5,64.0,249.0,124.0,Matches,Arsenal ,60,31,23,30,7,42,70,60.0,28,47,11,36,22,82,79,1
5,Granit Xhaka,SUI,MF,29.0,37,36,2993.0,33.3,7.0,7.0,14.0,7.0,0.0,0.0,4.0,0.0,4.7,4.7,5.2,9.9,42.0,196.0,175.0,Matches,Arsenal ,34,27,11,18,5,16,41,39.0,25,28,10,18,15,49,45,1
6,Martinelli,BRA,FW,21.0,36,34,2789.0,31.0,15.0,5.0,20.0,15.0,0.0,0.0,3.0,0.0,9.3,9.3,9.1,18.4,124.0,94.0,350.0,Matches,Arsenal ,31,18,13,12,6,9,22,40.9,13,24,1,23,9,40,14,0
7,Thomas Partey,GHA,MF,29.0,33,28,2483.0,27.6,3.0,0.0,3.0,3.0,0.0,0.0,5.0,0.0,2.2,2.2,1.5,3.8,34.0,231.0,35.0,Matches,Arsenal ,70,40,20,35,15,25,52,48.1,27,26,5,21,28,98,41,1
8,William Saliba,FRA,DF,21.0,27,27,2415.0,26.8,2.0,1.0,3.0,2.0,0.0,0.0,4.0,0.0,0.9,0.9,1.2,2.1,13.0,99.0,2.0,Matches,Arsenal ,34,20,23,9,2,15,18,83.3,3,13,10,3,19,53,85,4
9,Oleksandr Zinchenko,UKR,DF,25.0,27,26,2118.0,23.5,1.0,2.0,3.0,1.0,0.0,0.0,3.0,0.0,1.4,1.4,1.4,2.8,67.0,227.0,68.0,Matches,Arsenal ,40,18,14,17,9,21,39,53.8,18,20,2,18,22,62,38,2
10,Gabriel Jesus,BRA,FW,25.0,26,24,2064.0,22.9,11.0,6.0,17.0,10.0,1.0,1.0,6.0,0.0,14.0,13.2,3.9,17.1,44.0,64.0,194.0,Matches,Arsenal ,33,25,16,8,9,15,31,48.4,16,27,3,24,11,44,15,1
11,Leandro Trossard,BEL,FW,27.0,20,10,931.0,10.3,1.0,10.0,11.0,1.0,0.0,0.0,0.0,0.0,1.8,1.8,4.7,6.6,36.0,57.0,102.0,Matches,Arsenal ,12,7,4,2,6,6,18,33.3,12,18,0,18,6,18,3,1
12,Eddie Nketiah,ENG,FW,23.0,30,9,1089.0,12.1,4.0,1.0,5.0,4.0,0.0,0.0,3.0,0.0,8.2,8.2,1.3,9.5,32.0,15.0,82.0,Matches,Arsenal ,13,9,6,2,5,2,8,25.0,6,7,1,6,1,14,7,0
13,Jorginho,ITA,MF,30.0,14,9,855.0,9.5,0.0,1.0,1.0,0.0,0.0,0.0,0.0,0.0,0.2,0.2,0.2,0.4,15.0,99.0,8.0,Matches,Arsenal ,18,13,6,10,2,5,24,20.8,19,7,2,5,9,27,8,0
14,Kieran Tierney,SCO,DF,25.0,27,6,795.0,8.8,0.0,1.0,1.0,0.0,0.0,0.0,0.0,0.0,0.3,0.3,0.3,0.7,25.0,36.0,31.0,Matches,Arsenal ,20,11,9,9,2,12,16,75.0,4,8,2,6,11,31,25,0
15,Takehiro Tomiyasu,JPN,DF,23.0,21,6,663.0,7.4,0.0,1.0,1.0,0.0,0.0,0.0,2.0,0.0,0.2,0.2,0.6,0.8,14.0,51.0,28.0,Matches,Arsenal ,27,18,12,10,5,13,18,72.2,5,7,0,7,14,41,15,1
16,Rob Holding,ENG,DF,26.0,14,6,566.0,6.3,1.0,0.0,1.0,1.0,0.0,0.0,0.0,0.0,0.3,0.3,0.0,0.3,3.0,24.0,2.0,Matches,Arsenal ,8,5,4,4,0,3,6,50.0,3,6,5,1,3,11,27,1
17,Jakub Kiwior,POL,DF,22.0,7,5,427.0,4.7,1.0,0.0,1.0,1.0,0.0,0.0,0.0,0.0,0.1,0.1,0.0,0.1,0.0,6.0,6.0,Matches,Arsenal ,7,5,6,1,0,5,8,62.5,3,5,3,2,6,13,10,0
18,Fabio Vieira,POR,"MF,FW",22.0,22,3,514.0,5.7,1.0,2.0,3.0,1.0,0.0,0.0,0.0,0.0,0.8,0.8,2.5,3.3,8.0,35.0,40.0,Matches,Arsenal ,6,4,3,0,3,3,5,60.0,2,5,0,5,4,10,2,0
19,Albert Sambi Lokonga,BEL,MF,22.0,6,2,198.0,2.2,0.0,0.0,0.0,0.0,0.0,0.0,0.0,0.0,0.0,0.0,0.0,0.0,0.0,12.0,2.0,Matches,Arsenal ,1,1,0,0,1,0,2,0.0,2,1,0,1,5,6,2,0
20,Mohamed Elneny,EGY,MF,30.0,5,1,113.0,1.3,0.0,0.0,0.0,0.0,0.0,0.0,0.0,0.0,0.0,0.0,0.0,0.0,1.0,2.0,1.0,Matches,Arsenal ,1,1,1,0,0,1,1,100.0,0,0,0,0,0,1,0,0
21,Reiss Nelson,ENG,FW,22.0,11,0,212.0,2.4,3.0,2.0,5.0,3.0,0.0,0.0,0.0,0.0,1.1,1.1,1.4,2.5,19.0,6.0,34.0,Matches,Arsenal ,4,1,2,1,1,2,4,50.0,2,3,0,3,0,4,4,0
22,Emile Smith Rowe,ENG,"MF,FW",22.0,12,0,172.0,1.9,0.0,2.0,2.0,0.0,0.0,0.0,0.0,0.0,0.3,0.3,0.7,1.0,2.0,7.0,11.0,Matches,Arsenal ,1,1,1,0,0,1,3,33.3,2,1,0,1,0,1,2,0
23,Cédric Soares,POR,DF,30.0,2,0,29.0,0.3,0.0,0.0,0.0,0.0,0.0,0.0,0.0,0.0,0.0,0.0,0.0,0.0,1.0,3.0,0.0,Matches,Arsenal ,0,0,0,0,0,0,1,0.0,1,1,0,1,0,0,1,0
24,Ezri Konsa,ENG,DF,24.0,38,37,3322.0,36.9,0.0,0.0,0.0,0.0,0.0,0.0,6.0,0.0,1.1,1.1,1.3,2.3,7.0,56.0,11.0,Matches,Aston Villa ,42,20,25,15,2,18,26,69.2,8,41,23,18,26,68,120,3
25,Emiliano Martínez,ARG,GK,29.0,36,36,3139.0,34.9,0.0,0.0,0.0,0.0,0.0,0.0,7.0,0.0,0.0,0.0,0.3,0.3,0.0,0.0,0.0,Matches,Aston Villa ,0,0,0,0,0,0,2,0.0,2,0,0,0,1,1,23,1
26,Ollie Watkins,ENG,FW,26.0,37,36,3127.0,34.7,15.0,6.0,21.0,14.0,1.0,2.0,4.0,0.0,16.5,14.9,3.8,18.7,50.0,39.0,196.0,Matches,Aston Villa ,19,13,3,13,3,10,27,37.0,17,21,4,17,10,29,39,0
27,Tyrone Mings,ENG,DF,29.0,35,35,3150.0,35.0,1.0,2.0,3.0,1.0,0.0,0.0,7.0,0.0,1.2,1.2,1.4,2.6,20.0,111.0,7.0,Matches,Aston Villa ,15,7,10,5,0,9,20,45.0,11,40,21,19,54,69,163,2
28,Douglas Luiz,BRA,MF,24.0,37,33,2927.0,32.5,6.0,6.0,12.0,6.0,0.0,0.0,6.0,1.0,2.8,2.8,4.4,7.2,48.0,148.0,35.0,Matches,Aston Villa ,73,42,31,32,10,30,63,47.6,33,36,7,29,40,113,27,2
29,Jacob Ramsey,ENG,"MF,FW",21.0,35,31,2636.0,29.3,6.0,7.0,13.0,6.0,0.0,0.0,5.0,0.0,5.0,5.0,5.1,10.1,94.0,98.0,119.0,Matches,Aston Villa ,69,39,23,35,11,32,69,46.4,37,48,8,40,23,92,34,0
30,John McGinn,SCO,"MF,FW",27.0,34,30,2693.0,29.9,1.0,3.0,4.0,1.0,0.0,0.0,7.0,0.0,2.4,2.4,2.6,5.0,34.0,140.0,66.0,Matches,Aston Villa ,66,36,27,29,10,34,71,47.9,37,43,4,39,24,90,19,0
31,Emi Buendía,ARG,"MF,FW",25.0,38,27,2412.0,26.8,5.0,2.0,7.0,5.0,0.0,0.0,0.0,0.0,6.3,6.3,5.7,12.0,60.0,138.0,137.0,Matches,Aston Villa ,52,23,20,20,12,21,74,28.4,53,20,2,18,20,72,17,0
32,Leon Bailey,JAM,"FW,MF",24.0,33,26,1967.0,21.9,4.0,4.0,8.0,4.0,0.0,0.0,4.0,0.0,5.3,5.3,4.8,10.1,85.0,28.0,182.0,Matches,Aston Villa ,14,6,6,7,1,5,20,25.0,15,13,0,13,6,20,12,0
33,Ashley Young,ENG,DF,37.0,29,23,2036.0,22.6,1.0,0.0,1.0,1.0,0.0,0.0,7.0,0.0,0.5,0.5,1.0,1.4,29.0,107.0,33.0,Matches,Aston Villa ,50,27,34,15,1,37,49,75.5,12,25,11,14,21,71,65,0
34,Boubacar Kamara,FRA,MF,22.0,24,21,1777.0,19.7,0.0,1.0,1.0,0.0,0.0,0.0,4.0,0.0,0.2,0.2,0.8,1.0,16.0,84.0,8.0,Matches,Aston Villa ,58,25,25,23,10,27,56,48.2,29,38,12,26,19,77,24,2
35,Matty Cash,POL,DF,24.0,26,20,1820.0,20.2,0.0,1.0,1.0,0.0,0.0,0.0,4.0,0.0,0.2,0.2,0.7,0.9,42.0,75.0,57.0,Matches,Aston Villa ,55,32,36,15,4,26,37,70.3,11,20,5,15,26,81,43,0
36,Lucas Digne,FRA,DF,29.0,28,18,1502.0,16.7,1.0,0.0,1.0,1.0,0.0,0.0,5.0,0.0,0.4,0.4,1.9,2.3,29.0,57.0,89.0,Matches,Aston Villa ,30,12,20,9,1,20,33,60.6,13,18,5,13,18,48,45,0
37,Álex Moreno,ESP,DF,29.0,19,14,1329.0,14.8,0.0,3.0,3.0,0.0,0.0,0.0,3.0,0.0,0.6,0.6,3.0,3.7,65.0,37.0,122.0,Matches,Aston Villa ,23,14,15,5,3,13,36,36.1,23,18,3,15,7,30,37,2
38,Danny Ings,ENG,FW,30.0,18,8,824.0,9.2,6.0,0.0,6.0,4.0,2.0,2.0,3.0,0.0,5.3,3.8,1.2,5.0,15.0,12.0,46.0,Matches,Aston Villa ,10,5,1,6,3,1,6,16.7,5,12,1,11,1,11,11,0
39,Philippe Coutinho,BRA,"MF,FW",30.0,20,7,788.0,8.8,1.0,0.0,1.0,1.0,0.0,0.0,3.0,0.0,1.4,1.4,0.5,1.8,18.0,48.0,68.0,Matches,Aston Villa ,19,14,8,8,3,9,15,60.0,6,11,1,10,4,23,2,0
40,Leander Dendoncker,BEL,MF,27.0,20,7,697.0,7.7,0.0,0.0,0.0,0.0,0.0,0.0,0.0,0.0,0.1,0.1,0.5,0.5,1.0,18.0,2.0,Matches,Aston Villa ,19,9,11,6,2,11,21,52.4,10,19,4,15,10,29,12,0
41,Calum Chambers,ENG,"DF,MF",27.0,14,2,353.0,3.9,0.0,0.0,0.0,0.0,0.0,0.0,2.0,0.0,0.1,0.1,0.3,0.4,6.0,16.0,2.0,Matches,Aston Villa ,9,6,7,2,0,6,8,75.0,2,5,4,1,7,16,10,1
42,Robin Olsen,SWE,GK,32.0,4,2,281.0,3.1,0.0,0.0,0.0,0.0,0.0,0.0,0.0,0.0,0.0,0.0,0.0,0.0,0.0,0.0,0.0,Matches,Aston Villa ,0,0,0,0,0,0,2,0.0,2,0,0,0,0,0,1,0
43,Diego Carlos,BRA,DF,29.0,3,2,205.0,2.3,0.0,0.0,0.0,0.0,0.0,0.0,0.0,0.0,0.4,0.4,0.0,0.4,1.0,11.0,0.0,Matches,Aston Villa ,1,0,0,1,0,0,1,0.0,1,2,2,0,1,2,2,0
44,Bertrand Traoré,BFA,"FW,MF",26.0,8,1,233.0,2.6,2.0,0.0,2.0,2.0,0.0,0.0,1.0,0.0,0.7,0.7,0.1,0.8,9.0,9.0,28.0,Matches,Aston Villa ,1,1,1,0,0,1,4,25.0,3,5,0,5,2,3,0,0
45,Jan Bednarek,POL,DF,26.0,3,1,100.0,1.1,0.0,0.0,0.0,0.0,0.0,0.0,0.0,0.0,0.0,0.0,0.0,0.0,1.0,5.0,0.0,Matches,Aston Villa ,3,3,0,3,0,1,1,100.0,0,3,1,2,2,5,5,0
46,Jhon Durán,COL,"FW,MF",18.0,12,0,136.0,1.5,0.0,0.0,0.0,0.0,0.0,0.0,1.0,0.0,0.6,0.6,0.0,0.6,4.0,4.0,13.0,Matches,Aston Villa ,2,2,0,1,1,1,4,25.0,3,0,0,0,2,4,2,0
47,Morgan Sanson,FRA,MF,27.0,2,0,11.0,0.1,0.0,0.0,0.0,0.0,0.0,0.0,0.0,0.0,0.0,0.0,0.0,0.0,0.0,1.0,0.0,Matches,Aston Villa ,2,1,1,1,0,1,1,100.0,0,0,0,0,0,2,0,0
48,Jefferson Lerma,COL,MF,27.0,37,37,3252.0,36.1,5.0,0.0,5.0,5.0,0.0,0.0,7.0,0.0,2.6,2.6,2.3,4.9,22.0,142.0,30.0,Matches,Bournemouth ,50,30,23,23,4,20,45,44.4,25,32,15,17,47,97,91,1
49,Adam Smith,ENG,DF,31.0,37,34,2943.0,32.7,0.0,1.0,1.0,0.0,0.0,0.0,11.0,0.0,0.5,0.5,1.3,1.8,28.0,83.0,54.0,Matches,Bournemouth ,49,29,27,19,3,29,60,48.3,31,30,13,17,25,74,81,1
50,Philip Billing,DEN,"MF,FW",26.0,36,34,2764.0,30.7,7.0,1.0,8.0,7.0,0.0,0.0,5.0,0.0,4.9,4.9,3.2,8.1,37.0,80.0,101.0,Matches,Bournemouth ,63,36,21,33,9,11,40,27.5,29,48,8,40,31,94,58,1
51,Dominic Solanke,ENG,"FW,MF",24.0,33,32,2860.0,31.8,6.0,7.0,13.0,6.0,0.0,0.0,2.0,0.0,9.1,9.1,3.9,13.0,70.0,47.0,167.0,Matches,Bournemouth ,15,9,8,3,4,5,22,22.7,17,26,7,19,6,21,46,0
52,Marcos Senesi,ARG,DF,25.0,31,29,2491.0,27.7,2.0,0.0,2.0,2.0,0.0,0.0,7.0,0.0,1.6,1.6,0.5,2.1,9.0,66.0,3.0,Matches,Bournemouth ,50,35,28,22,0,23,43,53.5,20,38,20,18,43,93,146,2
53,Neto,BRA,GK,33.0,27,27,2385.0,26.5,0.0,0.0,0.0,0.0,0.0,0.0,4.0,0.0,0.0,0.0,0.0,0.0,0.0,0.0,0.0,Matches,Bournemouth ,3,1,3,0,0,3,3,100.0,0,0,0,0,0,3,10,3
54,Chris Mepham,WAL,DF,24.0,26,24,2199.0,24.4,0.0,0.0,0.0,0.0,0.0,0.0,7.0,0.0,0.7,0.7,0.2,0.9,2.0,42.0,1.0,Matches,Bournemouth ,45,22,37,8,0,19,30,63.3,11,40,27,13,30,75,152,0
55,Lloyd Kelly,ENG,DF,23.0,23,23,2040.0,22.7,0.0,2.0,2.0,0.0,0.0,0.0,3.0,0.0,0.2,0.2,0.5,0.7,14.0,47.0,10.0,Matches,Bournemouth ,33,18,23,9,1,13,19,68.4,6,26,15,11,26,59,101,1
56,Ryan Christie,SCO,"MF,FW",27.0,32,22,1834.0,20.4,1.0,1.0,2.0,1.0,0.0,0.0,2.0,0.0,2.8,2.8,2.4,5.1,39.0,71.0,71.0,Matches,Bournemouth ,34,22,10,23,1,14,49,28.6,35,16,4,12,26,60,20,0
57,Marcus Tavernier,ENG,"MF,FW",23.0,23,19,1743.0,19.4,5.0,4.0,9.0,5.0,0.0,0.0,1.0,0.0,3.1,3.1,2.9,6.0,67.0,56.0,137.0,Matches,Bournemouth ,33,22,19,11,3,11,32,34.4,21,25,4,21,9,42,23,0
58,Lewis Cook,ENG,MF,25.0,28,18,1720.0,19.1,0.0,2.0,2.0,0.0,0.0,0.0,4.0,0.0,0.2,0.2,2.5,2.8,9.0,63.0,10.0,Matches,Bournemouth ,37,22,10,22,5,18,42,42.9,24,29,10,19,23,60,31,0
59,Jordan Zemura,ZIM,DF,22.0,19,17,1454.0,16.2,0.0,1.0,1.0,0.0,0.0,0.0,1.0,0.0,0.4,0.4,1.9,2.2,39.0,45.0,48.0,Matches,Bournemouth ,39,24,24,14,1,23,43,53.5,20,31,9,22,16,55,32,0
60,Dango Ouattara,BFA,"MF,FW",20.0,19,15,1241.0,13.8,1.0,3.0,4.0,1.0,0.0,0.0,1.0,0.0,3.6,3.6,2.5,6.1,39.0,23.0,87.0,Matches,Bournemouth ,28,15,20,6,2,13,32,40.6,19,20,3,17,13,41,29,1
61,Jack Stephens,ENG,DF,28.0,15,13,1173.0,13.0,0.0,0.0,0.0,0.0,0.0,0.0,3.0,0.0,0.4,0.4,0.2,0.6,7.0,34.0,3.0,Matches,Bournemouth ,15,11,10,4,1,6,10,60.0,4,23,16,7,16,31,53,0
62,Kieffer Moore,WAL,FW,29.0,27,12,1279.0,14.2,4.0,0.0,4.0,4.0,0.0,0.0,1.0,0.0,4.4,4.4,0.3,4.7,10.0,23.0,56.0,Matches,Bournemouth ,14,11,2,9,3,5,16,31.3,11,12,5,7,1,15,26,0
63,Joe Rothwell,ENG,MF,27.0,20,12,1016.0,11.3,0.0,1.0,1.0,0.0,0.0,0.0,1.0,0.0,0.2,0.2,1.0,1.2,12.0,33.0,12.0,Matches,Bournemouth ,20,13,7,12,1,7,21,33.3,14,14,3,11,9,29,7,0
64,Jaidon Anthony,ENG,"MF,FW",22.0,30,11,1257.0,14.0,3.0,1.0,4.0,3.0,0.0,0.0,2.0,0.0,2.2,2.2,1.0,3.3,31.0,49.0,72.0,Matches,Bournemouth ,30,17,15,9,6,8,24,33.3,16,30,3,27,10,40,19,0
65,Ryan Fredericks,ENG,DF,29.0,12,5,533.0,5.9,0.0,0.0,0.0,0.0,0.0,0.0,1.0,0.0,0.0,0.0,0.1,0.1,13.0,15.0,28.0,Matches,Bournemouth ,3,2,2,0,1,1,4,25.0,3,7,2,5,1,4,27,0
66,Matías Viña,URU,DF,24.0,12,5,458.0,5.1,2.0,0.0,2.0,2.0,0.0,0.0,1.0,0.0,0.9,0.9,0.2,1.0,10.0,17.0,19.0,Matches,Bournemouth ,19,11,9,8,2,14,30,46.7,16,13,1,12,4,23,22,0
67,Hamed Junior Traorè,CIV,"FW,MF",22.0,7,5,427.0,4.7,0.0,0.0,0.0,0.0,0.0,0.0,0.0,0.0,0.9,0.9,1.1,2.1,19.0,26.0,21.0,Matches,Bournemouth ,17,11,5,9,3,6,18,33.3,12,9,0,9,2,19,1,0
68,Jack Stacey,ENG,DF,26.0,10,3,299.0,3.3,0.0,0.0,0.0,0.0,0.0,0.0,2.0,0.0,0.1,0.1,0.0,0.1,9.0,2.0,15.0,Matches,Bournemouth ,5,4,3,1,1,2,5,40.0,3,3,1,2,5,10,15,0
69,Illia Zabarnyi,UKR,DF,19.0,5,3,299.0,3.3,0.0,0.0,0.0,0.0,0.0,0.0,0.0,0.0,0.0,0.0,0.0,0.0,1.0,11.0,0.0,Matches,Bournemouth ,4,2,4,0,0,3,7,42.9,4,7,2,5,3,7,14,0
70,Ben Pearson,ENG,MF,27.0,7,3,286.0,3.2,0.0,0.0,0.0,0.0,0.0,0.0,1.0,0.0,0.0,0.0,0.0,0.0,2.0,5.0,4.0,Matches,Bournemouth ,7,3,3,3,1,1,3,33.3,2,4,0,4,2,9,6,0
71,Antoine Semenyo,GHA,"FW,MF",22.0,11,2,258.0,2.9,1.0,0.0,1.0,1.0,0.0,0.0,0.0,0.0,0.3,0.3,0.1,0.4,5.0,5.0,11.0,Matches,Bournemouth ,1,0,0,0,1,1,6,16.7,5,10,1,9,2,3,4,0
72,David Brooks,WAL,"FW,MF",25.0,6,2,173.0,1.9,0.0,0.0,0.0,0.0,0.0,0.0,1.0,0.0,0.3,0.3,0.2,0.5,5.0,11.0,10.0,Matches,Bournemouth ,1,0,1,0,0,0,1,0.0,1,2,0,2,2,3,5,0
73,Siriki Dembélé,CIV,"FW,MF",25.0,6,0,110.0,1.2,0.0,0.0,0.0,0.0,0.0,0.0,0.0,0.0,0.2,0.2,0.3,0.5,5.0,4.0,11.0,Matches,Bournemouth ,3,1,2,1,0,0,1,0.0,1,1,0,1,1,4,1,0
74,David Raya,ESP,GK,26.0,38,38,3420.0,38.0,0.0,0.0,0.0,0.0,0.0,0.0,1.0,0.0,0.1,0.1,0.1,0.3,0.0,13.0,0.0,Matches,Brentford ,0,0,0,0,0,0,2,0.0,2,1,0,1,1,1,10,2
75,Ben Mee,ENG,DF,32.0,37,37,3269.0,36.3,3.0,1.0,4.0,3.0,0.0,0.0,2.0,0.0,3.2,3.2,1.3,4.5,8.0,84.0,14.0,Matches,Brentford ,45,24,28,13,4,20,37,54.1,17,54,42,12,48,93,122,1
76,Rico Henry,ENG,DF,25.0,37,37,3238.0,36.0,0.0,2.0,2.0,0.0,0.0,0.0,4.0,0.0,1.6,1.6,2.7,4.2,55.0,107.0,111.0,Matches,Brentford ,57,31,20,28,9,22,41,53.7,19,29,8,21,30,87,84,1
77,Mathias Jensen,DEN,MF,26.0,37,37,2803.0,31.1,5.0,6.0,11.0,5.0,0.0,0.0,5.0,0.0,2.2,2.2,5.0,7.2,21.0,141.0,77.0,Matches,Brentford ,70,35,28,30,12,34,97,35.1,63,54,5,49,32,102,24,1
78,Bryan Mbeumo,CMR,FW,22.0,38,36,2906.0,32.3,9.0,8.0,17.0,8.0,1.0,1.0,5.0,0.0,9.8,9.0,7.6,16.5,66.0,88.0,235.0,Matches,Brentford ,26,18,5,13,8,8,42,19.0,34,24,1,23,13,39,21,0
79,Ivan Toney,ENG,FW,26.0,33,33,2951.0,32.8,20.0,4.0,24.0,14.0,6.0,7.0,9.0,0.0,18.7,13.2,5.1,18.3,14.0,79.0,165.0,Matches,Brentford ,23,13,4,9,10,7,23,30.4,16,24,9,15,14,37,36,0
80,Ethan Pinnock,JAM,DF,29.0,30,30,2700.0,30.0,3.0,0.0,3.0,3.0,0.0,0.0,0.0,0.0,3.0,3.0,1.0,4.0,2.0,52.0,16.0,Matches,Brentford ,52,28,33,12,7,18,24,75.0,6,41,31,10,35,87,215,2
81,Vitaly Janelt,GER,"MF,DF",24.0,35,24,2208.0,24.5,3.0,1.0,4.0,3.0,0.0,0.0,3.0,0.0,2.4,2.4,1.4,3.8,14.0,82.0,28.0,Matches,Brentford ,54,27,20,24,10,21,49,42.9,28,29,9,20,29,83,26,0
82,Aaron Hickey,SCO,DF,20.0,26,23,1916.0,21.3,0.0,1.0,1.0,0.0,0.0,0.0,7.0,0.0,0.4,0.4,0.4,0.8,41.0,81.0,47.0,Matches,Brentford ,38,26,27,11,0,18,32,56.3,14,18,7,11,17,55,32,1
83,Christian Nørgaard,DEN,MF,28.0,22,21,1763.0,19.6,1.0,3.0,4.0,1.0,0.0,0.0,6.0,0.0,1.6,1.6,3.1,4.7,4.0,73.0,8.0,Matches,Brentford ,52,30,21,29,2,18,48,37.5,30,32,9,23,34,86,41,2
84,Yoane Wissa,COD,FW,25.0,38,16,1606.0,17.8,7.0,3.0,10.0,7.0,0.0,0.0,3.0,0.0,5.6,5.6,2.5,8.2,24.0,27.0,104.0,Matches,Brentford ,17,12,4,7,6,6,13,46.2,7,10,0,10,6,23,15,0
85,Josh Dasilva,ENG,MF,23.0,36,14,1389.0,15.4,4.0,2.0,6.0,4.0,0.0,0.0,1.0,0.0,1.5,1.5,1.5,3.0,60.0,62.0,69.0,Matches,Brentford ,18,9,6,6,6,6,16,37.5,10,22,6,16,5,23,7,1
86,Mads Roerslev,DEN,DF,23.0,20,12,1108.0,12.3,0.0,0.0,0.0,0.0,0.0,0.0,0.0,0.0,0.3,0.3,1.2,1.5,8.0,19.0,36.0,Matches,Brentford ,22,12,19,3,0,16,33,48.5,17,14,5,9,9,31,38,0
87,Mathias Jørgensen,DEN,DF,32.0,18,11,1103.0,12.3,0.0,0.0,0.0,0.0,0.0,0.0,2.0,0.0,0.9,0.9,0.2,1.1,1.0,35.0,1.0,Matches,Brentford ,17,8,9,8,0,9,21,42.9,12,19,12,7,16,33,39,1
88,Mikkel Damsgaard,DEN,"MF,FW",22.0,26,9,988.0,11.0,0.0,0.0,0.0,0.0,0.0,0.0,4.0,0.0,2.6,2.6,1.4,4.0,9.0,44.0,45.0,Matches,Brentford ,31,21,13,13,5,15,42,35.7,27,20,2,18,10,41,14,0
89,Kristoffer Ajer,NOR,DF,24.0,9,9,763.0,8.5,0.0,0.0,0.0,0.0,0.0,0.0,0.0,0.0,0.0,0.0,0.0,0.1,10.0,31.0,12.0,Matches,Brentford ,11,8,5,4,2,9,16,56.3,7,6,5,1,7,18,22,0
90,Pontus Jansson,SWE,DF,31.0,12,9,724.0,8.0,1.0,0.0,1.0,1.0,0.0,0.0,0.0,0.0,0.3,0.3,0.0,0.3,1.0,14.0,0.0,Matches,Brentford ,5,3,4,1,0,3,5,60.0,2,13,9,4,9,14,38,0
91,Frank Onyeka,NGA,MF,24.0,21,8,848.0,9.4,0.0,2.0,2.0,0.0,0.0,0.0,0.0,0.0,1.0,1.0,0.6,1.7,9.0,28.0,21.0,Matches,Brentford ,19,14,11,7,1,10,25,40.0,15,16,3,13,10,29,16,0
92,Kevin Schade,GER,FW,20.0,18,7,732.0,8.1,0.0,1.0,1.0,0.0,0.0,0.0,2.0,0.0,2.1,2.1,1.1,3.2,24.0,15.0,57.0,Matches,Brentford ,12,8,7,2,3,5,10,50.0,5,7,0,7,4,16,6,0
93,Shandon Baptiste,GRN,MF,24.0,23,4,618.0,6.9,0.0,1.0,1.0,0.0,0.0,0.0,3.0,1.0,0.4,0.4,1.1,1.4,8.0,39.0,23.0,Matches,Brentford ,15,9,6,6,3,7,17,41.2,10,10,2,8,7,22,10,0
94,Saman Ghoddos,IRN,"MF,FW",28.0,15,0,139.0,1.5,0.0,0.0,0.0,0.0,0.0,0.0,0.0,0.0,0.0,0.0,0.4,0.5,1.0,8.0,6.0,Matches,Brentford ,2,1,0,1,1,1,3,33.3,2,5,1,4,4,6,2,0
95,Sergi Canós,ESP,"FW,DF",25.0,5,0,77.0,0.9,0.0,0.0,0.0,0.0,0.0,0.0,0.0,0.0,0.1,0.1,0.0,0.1,4.0,2.0,7.0,Matches,Brentford ,0,0,0,0,0,0,2,0.0,2,3,1,2,0,0,1,0
96,Halil Dervişoğlu,TUR,MF,22.0,1,0,8.0,0.1,0.0,0.0,0.0,0.0,0.0,0.0,0.0,0.0,0.0,0.0,0.0,0.0,0.0,0.0,0.0,Matches,Brentford ,0,0,0,0,0,0,1,0.0,1,0,0,0,0,0,0,0
97,Pascal Groß,GER,"MF,DF",31.0,37,37,3239.0,36.0,9.0,8.0,17.0,9.0,0.0,0.0,6.0,0.0,5.4,5.4,10.9,16.3,62.0,255.0,209.0,Matches,Brighton and Hove Albion ,59,38,23,27,9,25,55,45.5,30,32,10,22,13,72,21,1
98,Lewis Dunk,ENG,DF,30.0,36,36,3239.0,36.0,1.0,0.0,1.0,1.0,0.0,0.0,4.0,0.0,1.7,1.7,1.0,2.7,19.0,158.0,5.0,Matches,Brighton and Hove Albion ,30,19,19,9,2,18,41,43.9,23,37,27,10,34,64,81,1
99,Moisés Caicedo,ECU,MF,20.0,37,34,3139.0,34.9,1.0,1.0,2.0,1.0,0.0,0.0,10.0,0.0,1.7,1.7,2.7,4.3,38.0,219.0,61.0,Matches,Brighton and Hove Albion ,100,50,41,47,12,40,68,58.8,28,43,7,36,56,156,31,3
100,Alexis Mac Allister,ARG,MF,23.0,35,31,2886.0,32.1,10.0,2.0,12.0,4.0,6.0,6.0,8.0,0.0,12.1,7.3,4.3,11.6,69.0,174.0,77.0,Matches,Brighton and Hove Albion ,70,39,22,40,8,34,70,48.6,36,26,2,24,22,92,10,1
101,Solly March,ENG,"FW,DF",28.0,33,31,2715.0,30.2,7.0,7.0,14.0,7.0,0.0,0.0,2.0,0.0,8.1,8.1,8.4,16.5,110.0,135.0,357.0,Matches,Brighton and Hove Albion ,53,31,16,17,20,8,28,28.6,20,34,3,31,24,77,32,0
102,Pervis Estupiñán,ECU,DF,24.0,35,31,2675.0,29.7,1.0,5.0,6.0,1.0,0.0,0.0,4.0,0.0,1.7,1.7,5.4,7.1,91.0,157.0,183.0,Matches,Brighton and Hove Albion ,61,31,36,19,6,35,60,58.3,25,30,8,22,37,98,37,1
103,Joël Veltman,NED,DF,30.0,31,25,2188.0,24.3,1.0,1.0,2.0,1.0,0.0,0.0,6.0,0.0,1.8,1.8,0.7,2.5,43.0,153.0,49.0,Matches,Brighton and Hove Albion ,62,32,44,14,4,37,57,64.9,20,27,8,19,19,81,51,0
104,Kaoru Mitoma,JPN,"FW,MF",25.0,33,24,2318.0,25.8,7.0,5.0,12.0,7.0,0.0,0.0,0.0,0.0,8.1,8.1,6.4,14.5,143.0,90.0,260.0,Matches,Brighton and Hove Albion ,44,27,15,16,13,20,41,48.8,21,25,0,25,17,61,10,0
105,Adam Webster,ENG,DF,27.0,27,23,1985.0,22.1,0.0,0.0,0.0,0.0,0.0,0.0,2.0,0.0,1.8,1.8,0.2,1.9,19.0,119.0,9.0,Matches,Brighton and Hove Albion ,22,12,10,9,3,11,19,57.9,8,30,19,11,19,41,55,4
106,Danny Welbeck,ENG,FW,31.0,31,21,1854.0,20.6,6.0,3.0,9.0,6.0,0.0,0.0,0.0,0.0,9.4,9.4,4.3,13.7,31.0,49.0,134.0,Matches,Brighton and Hove Albion ,15,7,0,7,8,4,11,36.4,7,24,2,22,5,20,20,0
107,Leandro Trossard,BEL,"FW,MF",27.0,16,16,1315.0,14.6,7.0,2.0,9.0,7.0,0.0,0.0,1.0,0.0,4.4,4.4,2.1,6.5,40.0,67.0,118.0,Matches,Brighton and Hove Albion ,10,6,7,1,2,1,8,12.5,7,17,0,17,6,16,1,0
108,Jason Steele,ENG,GK,31.0,15,15,1350.0,15.0,0.0,1.0,1.0,0.0,0.0,0.0,1.0,0.0,0.0,0.0,0.1,0.1,0.0,0.0,0.0,Matches,Brighton and Hove Albion ,0,0,0,0,0,0,1,0.0,1,0,0,0,0,0,6,1
109,Levi Colwill,ENG,DF,19.0,17,13,1220.0,13.6,0.0,2.0,2.0,0.0,0.0,0.0,1.0,0.0,1.4,1.4,0.5,1.9,16.0,70.0,3.0,Matches,Brighton and Hove Albion ,8,7,4,4,0,4,9,44.4,5,5,3,2,15,23,37,1
110,Adam Lallana,ENG,"MF,FW",34.0,16,12,722.0,8.0,2.0,1.0,3.0,2.0,0.0,0.0,0.0,0.0,0.9,0.9,1.0,1.9,10.0,33.0,43.0,Matches,Brighton and Hove Albion ,9,4,6,2,1,0,7,0.0,7,6,0,6,2,11,1,0
111,Evan Ferguson,IRL,FW,17.0,19,10,950.0,10.6,6.0,2.0,8.0,6.0,0.0,0.0,1.0,0.0,5.3,5.3,0.7,6.1,11.0,14.0,58.0,Matches,Brighton and Hove Albion ,6,3,1,3,2,1,7,14.3,6,11,1,10,2,8,6,0
112,Julio César Enciso,PAR,"FW,MF",18.0,20,7,806.0,9.0,4.0,2.0,6.0,4.0,0.0,0.0,1.0,0.0,4.0,4.0,1.7,5.7,39.0,31.0,74.0,Matches,Brighton and Hove Albion ,13,4,3,6,4,8,13,61.5,5,9,0,9,4,17,2,0
113,Billy Gilmour,SCO,MF,21.0,14,7,507.0,5.6,0.0,1.0,1.0,0.0,0.0,0.0,1.0,0.0,0.5,0.5,0.2,0.8,5.0,35.0,4.0,Matches,Brighton and Hove Albion ,5,2,2,2,1,2,8,25.0,6,5,2,3,6,11,5,0
114,Deniz Undav,GER,"FW,MF",26.0,22,6,628.0,7.0,5.0,0.0,5.0,5.0,0.0,0.0,2.0,0.0,4.5,4.5,1.1,5.6,12.0,10.0,40.0,Matches,Brighton and Hove Albion ,7,4,2,2,3,2,8,25.0,6,4,1,3,0,7,1,0
115,Facundo Buonanotte,ARG,"FW,MF",17.0,13,6,565.0,6.3,1.0,1.0,2.0,1.0,0.0,0.0,2.0,0.0,1.4,1.4,0.5,1.9,9.0,13.0,42.0,Matches,Brighton and Hove Albion ,2,1,1,1,0,1,22,4.5,21,5,2,3,4,6,3,0
116,Tariq Lamptey,GHA,DF,21.0,20,3,453.0,5.0,0.0,0.0,0.0,0.0,0.0,0.0,1.0,0.0,0.2,0.2,0.2,0.4,28.0,26.0,58.0,Matches,Brighton and Hove Albion ,11,6,6,4,1,5,7,71.4,2,7,3,4,7,18,2,0
117,Jan Paul van Hecke,NED,DF,22.0,8,3,295.0,3.3,0.0,0.0,0.0,0.0,0.0,0.0,2.0,0.0,0.6,0.6,0.0,0.6,3.0,21.0,0.0,Matches,Brighton and Hove Albion ,8,6,3,4,1,5,5,100.0,0,8,5,3,6,14,9,0
118,Enock Mwepu,ZAM,"FW,MF",24.0,6,2,213.0,2.4,0.0,1.0,1.0,0.0,0.0,0.0,0.0,0.0,0.2,0.2,0.5,0.7,5.0,6.0,17.0,Matches,Brighton and Hove Albion ,10,5,1,6,3,3,4,75.0,1,3,1,2,1,11,1,0
119,Jeremy Sarmiento,ECU,MF,20.0,9,1,176.0,2.0,0.0,1.0,1.0,0.0,0.0,0.0,1.0,0.0,0.3,0.3,0.2,0.5,5.0,11.0,20.0,Matches,Brighton and Hove Albion ,6,3,4,1,1,2,5,40.0,3,2,0,2,1,7,0,0
120,Yasin Ayari,SWE,MF,18.0,3,1,67.0,0.7,0.0,0.0,0.0,0.0,0.0,0.0,0.0,0.0,0.0,0.0,0.1,0.2,0.0,2.0,2.0,Matches,Brighton and Hove Albion ,2,2,1,1,0,0,4,0.0,4,1,0,1,0,2,0,0
121,Odeluga Offiah,ENG,DF,19.0,2,0,25.0,0.3,0.0,0.0,0.0,0.0,0.0,0.0,0.0,0.0,0.0,0.0,0.0,0.0,1.0,1.0,1.0,Matches,Brighton and Hove Albion ,1,1,1,0,0,0,2,0.0,2,0,0,0,0,1,1,0
122,Kai Havertz,GER,"FW,MF",23.0,35,30,2569.0,28.5,7.0,1.0,8.0,6.0,1.0,1.0,5.0,0.0,11.6,10.8,3.7,14.6,59.0,89.0,218.0,Matches,Chelsea ,34,16,4,20,10,10,30,33.3,20,28,0,28,7,41,41,0
123,Kepa Arrizabalaga,ESP,GK,27.0,29,29,2565.0,28.5,0.0,0.0,0.0,0.0,0.0,0.0,1.0,0.0,0.0,0.0,0.0,0.0,0.0,0.0,0.0,Matches,Chelsea ,2,2,2,0,0,2,3,66.7,1,0,0,0,1,3,16,2
124,Thiago Silva,BRA,DF,37.0,27,26,2352.0,26.1,0.0,2.0,2.0,0.0,0.0,0.0,2.0,0.0,1.5,1.5,0.5,2.0,8.0,104.0,2.0,Matches,Chelsea ,41,27,24,17,0,21,31,67.7,10,38,29,9,34,75,111,2
125,Raheem Sterling,ENG,"FW,MF",27.0,28,23,1891.0,21.0,6.0,3.0,9.0,6.0,0.0,0.0,4.0,0.0,6.2,6.2,4.6,10.8,81.0,59.0,186.0,Matches,Chelsea ,18,10,5,4,9,8,14,57.1,6,17,0,17,2,20,5,0
126,Marc Cucurella,ESP,DF,24.0,24,21,1671.0,18.6,0.0,2.0,2.0,0.0,0.0,0.0,4.0,0.0,0.4,0.4,0.6,1.0,30.0,73.0,65.0,Matches,Chelsea ,66,33,40,15,11,30,60,50.0,30,28,8,20,16,82,48,1
127,Kalidou Koulibaly,SEN,DF,31.0,23,20,1800.0,20.0,2.0,1.0,3.0,2.0,0.0,0.0,7.0,1.0,0.9,0.9,0.4,1.4,10.0,81.0,4.0,Matches,Chelsea ,45,31,34,8,3,26,40,65.0,14,30,13,17,29,74,77,0
128,Mason Mount,ENG,"MF,FW",23.0,24,20,1648.0,18.3,3.0,2.0,5.0,3.0,0.0,0.0,4.0,0.0,2.0,2.0,3.0,5.0,48.0,98.0,114.0,Matches,Chelsea ,33,19,6,16,11,14,27,51.9,13,24,6,18,8,41,9,0
129,Ruben Loftus-Cheek,ENG,"MF,DF",26.0,25,19,1536.0,17.1,0.0,1.0,1.0,0.0,0.0,0.0,1.0,0.0,0.8,0.8,1.5,2.4,56.0,90.0,86.0,Matches,Chelsea ,25,14,8,14,3,12,21,57.1,9,15,2,13,12,37,23,0
130,Conor Gallagher,ENG,MF,22.0,35,18,1621.0,18.0,3.0,1.0,4.0,3.0,0.0,0.0,11.0,1.0,2.5,2.5,2.3,4.7,40.0,105.0,104.0,Matches,Chelsea ,46,33,17,19,10,10,37,27.0,27,41,10,31,23,69,18,1
131,Trevoh Chalobah,ENG,DF,23.0,25,18,1608.0,17.9,0.0,0.0,0.0,0.0,0.0,0.0,4.0,0.0,0.9,0.9,0.3,1.2,17.0,71.0,27.0,Matches,Chelsea ,31,20,22,6,3,24,34,70.6,10,17,7,10,24,55,56,1
132,Enzo Fernández,ARG,MF,21.0,18,18,1547.0,17.2,0.0,2.0,2.0,0.0,0.0,0.0,3.0,0.0,0.8,0.8,2.4,3.2,22.0,168.0,18.0,Matches,Chelsea ,45,27,25,17,3,21,56,37.5,35,32,2,30,16,61,12,1
133,Mateo Kovačić,CRO,MF,28.0,27,17,1707.0,19.0,1.0,2.0,3.0,1.0,0.0,0.0,8.0,0.0,1.8,1.8,2.1,3.9,37.0,153.0,30.0,Matches,Chelsea ,36,24,16,14,6,14,36,38.9,22,10,1,9,19,55,16,0
134,César Azpilicueta,ESP,DF,32.0,25,16,1527.0,17.0,0.0,0.0,0.0,0.0,0.0,0.0,3.0,0.0,0.4,0.4,1.1,1.5,23.0,71.0,81.0,Matches,Chelsea ,43,25,23,15,5,22,37,59.5,15,26,5,21,19,62,54,1
135,Ben Chilwell,ENG,"DF,MF",25.0,23,15,1408.0,15.6,2.0,2.0,4.0,2.0,0.0,0.0,3.0,0.0,1.4,1.4,2.2,3.7,43.0,41.0,131.0,Matches,Chelsea ,21,17,12,8,1,13,25,52.0,12,21,2,19,18,39,26,0
136,Jorginho,ITA,MF,30.0,18,15,1279.0,14.2,2.0,0.0,2.0,0.0,2.0,2.0,4.0,0.0,1.7,0.1,0.4,0.5,13.0,80.0,10.0,Matches,Chelsea ,42,23,22,14,6,22,46,47.8,24,18,3,15,21,63,7,0
137,Reece James,ENG,"DF,MF",22.0,16,14,1244.0,13.8,1.0,1.0,2.0,1.0,0.0,0.0,4.0,0.0,1.0,1.0,3.0,4.0,52.0,90.0,115.0,Matches,Chelsea ,31,20,10,18,3,15,19,78.9,4,17,2,15,12,43,23,0
138,Wesley Fofana,FRA,DF,21.0,15,12,1183.0,13.1,1.0,0.0,1.0,1.0,0.0,0.0,3.0,0.0,0.7,0.7,0.1,0.8,29.0,43.0,12.0,Matches,Chelsea ,30,18,19,7,4,13,26,50.0,13,17,10,7,20,50,33,2
139,João Félix,POR,"FW,MF",22.0,16,11,941.0,10.5,4.0,0.0,4.0,4.0,0.0,0.0,1.0,1.0,4.9,4.9,0.5,5.4,34.0,47.0,79.0,Matches,Chelsea ,14,7,5,6,3,4,12,33.3,8,3,0,3,1,15,1,1
140,Benoît Badiashile,FRA,DF,21.0,11,10,905.0,10.1,1.0,0.0,1.0,1.0,0.0,0.0,2.0,0.0,1.2,1.2,0.5,1.6,11.0,56.0,2.0,Matches,Chelsea ,14,8,10,4,0,9,14,64.3,5,5,2,3,16,30,34,1
141,Christian Pulisic,USA,"FW,DF",23.0,24,8,821.0,9.1,1.0,1.0,2.0,1.0,0.0,0.0,1.0,0.0,1.7,1.7,0.7,2.4,35.0,23.0,76.0,Matches,Chelsea ,11,6,3,6,2,3,5,60.0,2,8,1,7,4,15,4,0
142,Lewis Hall,ENG,DF,17.0,9,8,654.0,7.3,0.0,0.0,0.0,0.0,0.0,0.0,1.0,0.0,0.9,0.9,2.3,3.1,19.0,25.0,41.0,Matches,Chelsea ,23,12,19,4,0,15,22,68.2,7,8,0,8,11,34,11,1
143,Mykhailo Mudryk,UKR,"FW,MF",21.0,15,7,657.0,7.3,0.0,2.0,2.0,0.0,0.0,0.0,1.0,0.0,1.9,1.9,0.9,2.8,25.0,20.0,43.0,Matches,Chelsea ,11,9,2,4,5,4,13,30.8,9,7,1,6,0,11,3,0
144,Noni Madueke,ENG,FW,20.0,12,7,643.0,7.1,1.0,0.0,1.0,1.0,0.0,0.0,0.0,0.0,0.9,0.9,0.5,1.5,48.0,36.0,100.0,Matches,Chelsea ,12,8,5,4,3,6,13,46.2,7,13,2,11,4,16,7,0
145,Hakim Ziyech,MAR,"FW,MF",29.0,18,6,661.0,7.3,0.0,3.0,3.0,0.0,0.0,0.0,1.0,0.0,0.6,0.6,2.2,2.8,20.0,42.0,69.0,Matches,Chelsea ,20,12,12,5,3,4,9,44.4,5,8,0,8,5,25,5,1
146,N'Golo Kanté,FRA,MF,31.0,7,6,518.0,5.8,0.0,1.0,1.0,0.0,0.0,0.0,1.0,0.0,0.3,0.3,1.9,2.2,19.0,34.0,36.0,Matches,Chelsea ,16,10,4,10,2,4,8,50.0,4,11,0,11,6,22,2,0
147,Pierre-Emerick Aubameyang,GAB,FW,33.0,15,5,554.0,6.2,1.0,0.0,1.0,1.0,0.0,0.0,1.0,0.0,1.5,1.5,0.4,1.9,9.0,3.0,29.0,Matches,Chelsea ,1,0,1,0,0,0,1,0.0,1,2,0,2,2,3,4,2
148,Denis Zakaria,SUI,MF,25.0,7,5,411.0,4.6,0.0,0.0,0.0,0.0,0.0,0.0,0.0,0.0,0.2,0.2,0.0,0.2,9.0,6.0,3.0,Matches,Chelsea ,9,5,5,2,2,2,8,25.0,6,4,1,3,3,12,10,0
149,Carney Chukwuemeka,ENG,"MF,FW",18.0,14,2,354.0,3.9,0.0,0.0,0.0,0.0,0.0,0.0,0.0,0.0,0.4,0.4,0.6,1.0,21.0,23.0,21.0,Matches,Chelsea ,13,7,7,6,0,3,5,60.0,2,7,0,7,6,19,1,0
150,Armando Broja,ALB,FW,20.0,12,2,294.0,3.3,1.0,0.0,1.0,1.0,0.0,0.0,0.0,0.0,0.8,0.8,0.1,0.9,8.0,4.0,17.0,Matches,Chelsea ,4,1,0,3,1,1,1,100.0,0,10,1,9,1,5,1,0
151,Datro Fofana,CIV,FW,19.0,3,1,70.0,0.8,0.0,0.0,0.0,0.0,0.0,0.0,0.0,0.0,0.2,0.2,0.1,0.4,2.0,2.0,9.0,Matches,Chelsea ,3,1,1,1,1,1,1,100.0,0,1,0,1,0,3,0,0
152,Marc Guéhi,ENG,DF,22.0,37,37,3329.0,37.0,1.0,0.0,1.0,1.0,0.0,0.0,8.0,0.0,1.5,1.5,0.5,1.9,17.0,106.0,3.0,Matches,Crystal Palace ,52,27,39,11,2,26,42,61.9,16,45,24,21,45,97,134,3
153,Tyrick Mitchell,ENG,DF,22.0,36,34,2891.0,32.1,0.0,2.0,2.0,0.0,0.0,0.0,5.0,1.0,0.6,0.6,1.2,1.8,23.0,106.0,90.0,Matches,Crystal Palace ,71,49,43,23,5,30,53,56.6,23,48,11,37,42,113,78,0
154,Cheick Doucouré,MLI,MF,22.0,34,34,2769.0,30.8,0.0,3.0,3.0,0.0,0.0,0.0,10.0,1.0,1.4,1.4,1.9,3.4,18.0,140.0,17.0,Matches,Crystal Palace ,77,46,40,33,4,29,52,55.8,23,47,13,34,56,133,48,0
155,Joachim Andersen,DEN,DF,26.0,32,32,2782.0,30.9,1.0,0.0,1.0,1.0,0.0,0.0,8.0,0.0,1.8,1.8,1.3,3.1,16.0,105.0,7.0,Matches,Crystal Palace ,42,22,30,12,0,16,32,50.0,16,28,13,15,24,66,188,0
156,Michael Olise,FRA,"FW,MF",20.0,37,31,2749.0,30.5,2.0,11.0,13.0,2.0,0.0,0.0,2.0,0.0,2.9,2.9,8.7,11.6,111.0,133.0,243.0,Matches,Crystal Palace ,58,34,28,26,4,25,60,41.7,35,46,1,45,26,84,17,0
157,Jordan Ayew,GHA,"FW,MF",30.0,38,31,2714.0,30.2,4.0,3.0,7.0,4.0,0.0,0.0,5.0,0.0,3.2,3.2,3.2,6.4,83.0,63.0,174.0,Matches,Crystal Palace ,66,41,23,20,23,21,53,39.6,32,35,4,31,15,81,31,0
158,Eberechi Eze,ENG,"MF,FW",24.0,38,30,2636.0,29.3,10.0,4.0,14.0,9.0,1.0,1.0,3.0,0.0,7.3,6.5,4.3,10.8,69.0,131.0,129.0,Matches,Crystal Palace ,42,24,17,18,7,18,38,47.4,20,22,0,22,13,55,10,0
159,Jeffrey Schlupp,GHA,"MF,FW",29.0,34,30,2531.0,28.1,3.0,1.0,4.0,3.0,0.0,0.0,7.0,0.0,3.2,3.2,1.4,4.6,32.0,98.0,67.0,Matches,Crystal Palace ,66,46,28,29,9,22,43,51.2,21,39,8,31,23,89,38,0
160,Wilfried Zaha,CIV,"FW,MF",29.0,27,27,2288.0,25.4,7.0,2.0,9.0,7.0,0.0,2.0,5.0,0.0,6.5,4.8,2.7,7.5,86.0,75.0,238.0,Matches,Crystal Palace ,32,20,12,12,8,8,21,38.1,13,21,1,20,16,48,9,0
161,Joel Ward,ENG,DF,32.0,28,24,2256.0,25.1,1.0,0.0,1.0,1.0,0.0,0.0,6.0,0.0,1.1,1.1,0.4,1.5,22.0,101.0,46.0,Matches,Crystal Palace ,50,36,30,11,9,30,41,73.2,11,32,16,16,25,75,80,1
162,Odsonne Édouard,FRA,FW,24.0,35,20,1803.0,20.0,5.0,2.0,7.0,5.0,0.0,0.0,3.0,0.0,4.2,4.2,1.2,5.4,29.0,32.0,100.0,Matches,Crystal Palace ,25,13,7,12,6,7,13,53.8,6,17,5,12,3,28,22,0
163,Nathaniel Clyne,ENG,DF,31.0,22,19,1640.0,18.2,0.0,0.0,0.0,0.0,0.0,0.0,3.0,0.0,0.0,0.0,0.7,0.7,14.0,52.0,29.0,Matches,Crystal Palace ,27,16,13,9,5,14,23,60.9,9,22,4,18,19,46,34,0
164,Will Hughes,ENG,MF,27.0,27,7,842.0,9.4,1.0,1.0,2.0,1.0,0.0,0.0,4.0,0.0,0.3,0.3,0.9,1.2,14.0,32.0,23.0,Matches,Crystal Palace ,29,16,11,16,2,11,20,55.0,9,16,7,9,16,45,9,0
165,Jean-Philippe Mateta,FRA,FW,25.0,29,6,770.0,8.6,2.0,0.0,2.0,2.0,0.0,0.0,3.0,0.0,3.4,3.4,0.6,4.0,9.0,6.0,43.0,Matches,Crystal Palace ,7,1,2,4,1,1,3,33.3,2,3,1,2,3,10,18,0
166,Albert Sambi Lokonga,BEL,MF,22.0,9,6,536.0,6.0,0.0,0.0,0.0,0.0,0.0,0.0,2.0,0.0,0.2,0.2,0.0,0.2,2.0,20.0,2.0,Matches,Crystal Palace ,13,10,7,4,2,8,12,66.7,4,8,3,5,7,20,10,0
167,Luka Milivojević,SRB,MF,31.0,18,5,512.0,5.7,0.0,0.0,0.0,0.0,0.0,0.0,2.0,0.0,0.3,0.3,0.2,0.5,2.0,20.0,2.0,Matches,Crystal Palace ,13,7,7,4,2,7,10,70.0,3,13,4,9,12,25,10,0
168,Chris Richards,USA,DF,22.0,9,4,447.0,5.0,0.0,0.0,0.0,0.0,0.0,0.0,0.0,0.0,0.7,0.7,0.3,1.0,4.0,14.0,3.0,Matches,Crystal Palace ,9,6,8,1,0,5,7,71.4,2,10,1,9,8,17,31,0
169,James Tomkins,ENG,DF,33.0,6,3,338.0,3.8,1.0,0.0,1.0,1.0,0.0,0.0,3.0,1.0,1.0,1.0,0.0,1.0,1.0,2.0,1.0,Matches,Crystal Palace ,4,2,2,1,1,1,3,33.3,2,3,2,1,5,9,19,0
170,Naouirou Ahamada,FRA,"MF,FW",20.0,8,0,94.0,1.0,0.0,0.0,0.0,0.0,0.0,0.0,1.0,0.0,0.2,0.2,0.1,0.2,1.0,2.0,11.0,Matches,Crystal Palace ,3,2,3,0,0,1,3,33.3,2,2,0,2,0,3,0,0
171,Jaïro Riedewald,NED,"DF,MF",25.0,6,0,64.0,0.7,0.0,0.0,0.0,0.0,0.0,0.0,0.0,0.0,0.1,0.1,0.0,0.1,1.0,1.0,1.0,Matches,Crystal Palace ,2,1,2,0,0,0,1,0.0,1,2,0,2,0,2,4,0
172,James McArthur,SCO,MF,34.0,4,0,54.0,0.6,0.0,0.0,0.0,0.0,0.0,0.0,0.0,0.0,0.0,0.0,0.0,0.0,0.0,1.0,0.0,Matches,Crystal Palace ,1,1,1,0,0,1,1,100.0,0,2,1,1,1,2,2,0
173,Malcolm Ebiowei,ENG,"MF,FW",18.0,3,0,34.0,0.4,0.0,0.0,0.0,0.0,0.0,0.0,0.0,0.0,0.0,0.0,0.0,0.0,2.0,2.0,9.0,Matches,Crystal Palace ,1,1,1,0,0,0,1,0.0,1,2,0,2,0,1,0,0
174,James Tarkowski,ENG,DF,29.0,38,38,3420.0,38.0,1.0,1.0,2.0,1.0,0.0,0.0,6.0,0.0,3.1,3.1,2.9,6.0,13.0,106.0,11.0,Matches,Everton ,51,26,36,13,2,20,38,52.6,18,99,78,21,51,102,201,3
175,Alex Iwobi,NGA,"MF,FW",26.0,38,38,3378.0,37.5,2.0,7.0,9.0,2.0,0.0,0.0,2.0,0.0,2.5,2.5,6.1,8.5,90.0,194.0,145.0,Matches,Everton ,69,37,37,28,4,33,65,50.8,32,41,2,39,25,94,29,0
176,Jordan Pickford,ENG,GK,28.0,37,37,3330.0,37.0,0.0,1.0,1.0,0.0,0.0,0.0,6.0,0.0,0.0,0.0,0.1,0.1,0.0,2.0,0.0,Matches,Everton ,0,0,0,0,0,0,1,0.0,1,0,0,0,4,4,15,3
177,Idrissa Gana Gueye,SEN,MF,32.0,33,32,2577.0,28.6,0.0,1.0,1.0,0.0,0.0,0.0,7.0,0.0,0.7,0.7,1.1,1.8,27.0,98.0,19.0,Matches,Everton ,97,57,49,35,13,31,60,51.7,29,50,12,38,56,153,34,3
178,Vitaliy Mykolenko,UKR,DF,23.0,34,30,2655.0,29.5,0.0,0.0,0.0,0.0,0.0,0.0,4.0,0.0,0.5,0.5,1.2,1.8,31.0,100.0,72.0,Matches,Everton ,58,34,36,19,3,28,51,54.9,23,50,16,34,46,104,99,0
179,Amadou Onana,BEL,MF,20.0,33,29,2488.0,27.6,1.0,2.0,3.0,1.0,0.0,0.0,9.0,0.0,3.0,3.0,2.6,5.6,27.0,79.0,49.0,Matches,Everton ,72,43,24,42,6,30,42,71.4,12,25,6,19,37,109,39,0
180,Dwight McNeil,ENG,"FW,MF",22.0,36,28,2498.0,27.8,7.0,3.0,10.0,7.0,0.0,0.0,5.0,0.0,3.5,3.5,6.1,9.6,76.0,69.0,128.0,Matches,Everton ,64,41,35,14,15,27,62,43.5,35,46,7,39,31,95,41,0
181,Demarai Gray,JAM,"FW,MF",26.0,33,27,2507.0,27.9,4.0,1.0,5.0,2.0,2.0,2.0,3.0,0.0,6.2,4.7,3.8,8.5,94.0,46.0,199.0,Matches,Everton ,33,24,9,14,10,17,31,54.8,14,23,3,20,13,46,18,0
182,Conor Coady,ENG,DF,29.0,24,23,2096.0,23.3,1.0,1.0,2.0,1.0,0.0,0.0,2.0,0.0,0.8,0.8,0.3,1.2,4.0,43.0,1.0,Matches,Everton ,14,9,8,6,0,7,15,46.7,8,21,17,4,14,28,88,3
183,Séamus Coleman,IRL,DF,33.0,23,20,1656.0,18.4,1.0,0.0,1.0,1.0,0.0,0.0,1.0,0.0,0.4,0.4,0.9,1.2,13.0,61.0,37.0,Matches,Everton ,35,26,21,10,4,19,29,65.5,10,14,7,7,22,57,58,2
184,Abdoulaye Doucouré,MLI,MF,29.0,25,17,1533.0,17.0,5.0,2.0,7.0,5.0,0.0,0.0,6.0,1.0,2.4,2.4,2.2,4.6,23.0,38.0,66.0,Matches,Everton ,31,20,9,15,7,12,37,32.4,25,26,3,23,13,44,11,0
185,Dominic Calvert-Lewin,ENG,FW,25.0,17,15,1165.0,12.9,2.0,1.0,3.0,1.0,1.0,1.0,3.0,0.0,5.8,5.0,0.8,5.9,18.0,15.0,56.0,Matches,Everton ,4,2,1,0,3,1,5,20.0,4,5,1,4,3,7,18,0
186,Nathan Patterson,SCO,"DF,MF",20.0,19,14,1279.0,14.2,0.0,0.0,0.0,0.0,0.0,0.0,3.0,0.0,0.5,0.5,0.4,0.9,16.0,24.0,51.0,Matches,Everton ,49,24,32,13,4,29,53,54.7,24,24,4,20,15,64,45,0
187,Anthony Gordon,ENG,FW,21.0,16,12,1095.0,12.2,3.0,0.0,3.0,3.0,0.0,0.0,6.0,0.0,3.3,3.3,0.6,3.9,28.0,19.0,67.0,Matches,Everton ,34,22,17,10,7,8,23,34.8,15,19,0,19,4,38,11,0
188,Neal Maupay,FRA,FW,25.0,27,11,1118.0,12.4,1.0,0.0,1.0,1.0,0.0,0.0,4.0,0.0,4.8,4.8,0.6,5.4,8.0,11.0,61.0,Matches,Everton ,11,5,3,4,4,2,4,50.0,2,8,0,8,5,16,0,0
189,Michael Keane,ENG,DF,29.0,12,10,985.0,10.9,1.0,2.0,3.0,1.0,0.0,0.0,0.0,0.0,1.3,1.3,0.7,2.1,2.0,31.0,4.0,Matches,Everton ,7,4,5,2,0,5,8,62.5,3,12,7,5,14,21,55,1
190,Ben Godfrey,ENG,DF,24.0,13,10,802.0,8.9,0.0,1.0,1.0,0.0,0.0,0.0,2.0,0.0,1.2,1.2,0.2,1.4,9.0,19.0,7.0,Matches,Everton ,20,11,13,5,2,11,29,37.9,18,12,6,6,8,28,33,1
191,James Garner,ENG,"MF,DF",21.0,16,7,804.0,8.9,0.0,1.0,1.0,0.0,0.0,0.0,3.0,0.0,0.8,0.8,0.5,1.3,8.0,33.0,18.0,Matches,Everton ,16,13,4,8,4,9,19,47.4,10,9,1,8,12,28,13,0
192,Yerry Mina,COL,DF,27.0,7,7,594.0,6.6,2.0,0.0,2.0,2.0,0.0,0.0,2.0,0.0,1.5,1.5,0.1,1.6,1.0,13.0,3.0,Matches,Everton ,15,8,9,6,0,9,11,81.8,2,7,4,3,6,21,28,0
193,Mason Holgate,ENG,DF,25.0,8,5,507.0,5.6,0.0,0.0,0.0,0.0,0.0,0.0,3.0,1.0,1.0,1.0,0.4,1.4,4.0,14.0,5.0,Matches,Everton ,11,7,8,3,0,3,11,27.3,8,7,3,4,7,18,28,0
194,Tom Davies,ENG,MF,24.0,19,4,538.0,6.0,0.0,0.0,0.0,0.0,0.0,0.0,3.0,0.0,1.2,1.2,0.2,1.3,2.0,30.0,13.0,Matches,Everton ,15,9,5,9,1,7,14,50.0,7,10,1,9,4,19,7,1
195,Isaac Price,NIR,MF,18.0,1,0,33.0,0.4,0.0,0.0,0.0,0.0,0.0,0.0,1.0,0.0,0.0,0.0,0.1,0.1,1.0,1.0,0.0,Matches,Everton ,0,0,0,0,0,0,1,0.0,1,1,1,0,0,0,0,0
196,Rúben Vinagre,POR,"DF,MF",23.0,2,0,26.0,0.3,0.0,0.0,0.0,0.0,0.0,0.0,0.0,0.0,0.0,0.0,0.0,0.0,2.0,0.0,1.0,Matches,Everton ,2,2,1,1,0,1,2,50.0,1,0,0,0,0,2,1,0
197,Bernd Leno,GER,GK,30.0,36,36,3240.0,36.0,0.0,0.0,0.0,0.0,0.0,0.0,3.0,0.0,0.0,0.0,0.0,0.0,0.0,0.0,0.0,Matches,Fulham ,0,0,0,0,0,0,2,0.0,2,0,0,0,0,0,18,0
198,João Palhinha,POR,MF,27.0,35,35,3108.0,34.5,3.0,0.0,3.0,3.0,0.0,0.0,14.0,0.0,2.9,2.9,0.4,3.3,8.0,101.0,18.0,Matches,Fulham ,147,83,58,65,24,71,134,53.0,63,48,5,43,46,193,61,2
199,Antonee Robinson,USA,DF,24.0,35,35,3088.0,34.3,0.0,1.0,1.0,0.0,0.0,0.0,8.0,0.0,0.1,0.1,1.3,1.4,112.0,129.0,153.0,Matches,Fulham ,62,38,43,15,4,44,65,67.7,21,49,13,36,53,115,83,3
200,Harrison Reed,ENG,MF,27.0,37,35,2866.0,31.8,3.0,4.0,7.0,3.0,0.0,0.0,5.0,0.0,1.9,1.9,4.1,6.0,30.0,102.0,107.0,Matches,Fulham ,44,27,17,21,6,16,50,32.0,34,54,12,42,19,63,36,0
201,Tim Ream,USA,DF,34.0,33,33,2897.0,32.2,1.0,0.0,1.0,1.0,0.0,0.0,2.0,0.0,0.3,0.3,0.1,0.4,28.0,142.0,2.0,Matches,Fulham ,30,16,15,12,3,13,26,50.0,13,45,24,21,41,71,116,2
202,Andreas Pereira,BRA,MF,26.0,33,33,2692.0,29.9,4.0,6.0,10.0,3.0,1.0,1.0,8.0,0.0,7.3,6.5,5.2,11.7,53.0,121.0,133.0,Matches,Fulham ,18,9,3,6,9,8,33,24.2,25,21,3,18,6,24,8,0
203,Kenny Tete,NED,DF,26.0,31,29,2569.0,28.5,1.0,5.0,6.0,1.0,0.0,0.0,8.0,0.0,0.7,0.7,1.9,2.5,75.0,103.0,69.0,Matches,Fulham ,83,46,41,29,13,38,50,76.0,12,48,17,31,52,135,81,1
204,Bobby Reid,JAM,"FW,DF",29.0,36,29,2475.0,27.5,4.0,1.0,5.0,4.0,0.0,0.0,8.0,0.0,3.9,3.9,1.7,5.6,46.0,63.0,186.0,Matches,Fulham ,42,24,14,14,14,16,34,47.1,18,25,3,22,20,62,28,1
205,Willian,BRA,FW,33.0,27,25,2126.0,23.6,5.0,5.0,10.0,5.0,0.0,0.0,2.0,0.0,3.4,3.4,4.4,7.8,97.0,113.0,152.0,Matches,Fulham ,13,8,8,3,2,7,25,28.0,18,13,0,13,9,22,9,0
206,Tosin Adarabioyo,ENG,DF,24.0,25,23,2085.0,23.2,1.0,0.0,1.0,1.0,0.0,0.0,4.0,0.0,0.7,0.7,0.4,1.1,16.0,95.0,3.0,Matches,Fulham ,30,13,22,6,2,16,23,69.6,7,20,15,5,26,56,140,1
207,Aleksandar Mitrović,SRB,FW,27.0,24,23,2008.0,22.3,14.0,1.0,15.0,10.0,4.0,8.0,7.0,0.0,14.9,8.6,2.3,10.9,24.0,44.0,97.0,Matches,Fulham ,14,7,8,4,2,5,12,41.7,7,22,5,17,3,17,20,1
208,Issa Diop,FRA,DF,25.0,25,21,2012.0,22.4,1.0,0.0,1.0,1.0,0.0,0.0,2.0,0.0,0.3,0.3,0.4,0.7,13.0,70.0,4.0,Matches,Fulham ,28,19,18,9,1,17,32,53.1,15,24,17,7,35,63,86,0
209,Harry Wilson,WAL,FW,25.0,29,13,1100.0,12.2,2.0,3.0,5.0,2.0,0.0,0.0,1.0,0.0,2.0,2.0,0.9,2.9,18.0,37.0,87.0,Matches,Fulham ,21,13,9,9,3,8,18,44.4,10,17,2,15,6,27,14,0
210,Carlos Vinícius,BRA,FW,27.0,28,11,1109.0,12.3,5.0,2.0,7.0,5.0,0.0,0.0,3.0,0.0,3.3,3.3,0.8,4.1,9.0,15.0,46.0,Matches,Fulham ,4,1,0,2,2,0,4,0.0,4,7,0,7,0,4,10,0
211,Neeskens Kebano,COD,FW,30.0,17,9,764.0,8.5,0.0,3.0,3.0,0.0,0.0,0.0,0.0,0.0,0.5,0.5,1.5,2.0,39.0,24.0,68.0,Matches,Fulham ,17,9,8,6,3,9,17,52.9,8,14,0,14,1,18,8,0
212,Tom Cairney,SCO,MF,31.0,33,6,988.0,11.0,2.0,0.0,2.0,2.0,0.0,0.0,2.0,0.0,1.5,1.5,1.4,2.9,34.0,92.0,57.0,Matches,Fulham ,17,6,4,8,5,7,10,70.0,3,18,3,15,5,22,3,0
213,Daniel James,WAL,FW,24.0,20,5,621.0,6.9,2.0,1.0,3.0,2.0,0.0,0.0,0.0,0.0,1.7,1.7,0.7,2.5,24.0,15.0,48.0,Matches,Fulham ,9,5,4,4,1,4,8,50.0,4,5,1,4,1,10,5,0
214,Manor Solomon,ISR,FW,23.0,19,4,572.0,6.4,4.0,0.0,4.0,4.0,0.0,0.0,0.0,0.0,1.2,1.2,0.4,1.6,16.0,24.0,51.0,Matches,Fulham ,20,12,12,6,2,9,16,56.3,7,8,0,8,5,25,3,0
215,Saša Lukić,SRB,MF,25.0,12,4,412.0,4.6,0.0,0.0,0.0,0.0,0.0,0.0,1.0,0.0,0.1,0.1,0.0,0.1,8.0,13.0,5.0,Matches,Fulham ,8,3,1,4,3,3,7,42.9,4,6,2,4,5,13,3,0
216,Cédric Soares,POR,DF,30.0,6,2,198.0,2.2,0.0,0.0,0.0,0.0,0.0,0.0,0.0,0.0,0.1,0.1,0.3,0.4,4.0,12.0,12.0,Matches,Fulham ,8,5,4,3,1,3,3,100.0,0,3,1,2,1,9,5,0
217,Layvin Kurzawa,FRA,DF,29.0,3,2,135.0,1.5,0.0,0.0,0.0,0.0,0.0,0.0,1.0,0.0,0.0,0.0,0.0,0.0,1.0,2.0,2.0,Matches,Fulham ,3,2,1,1,1,3,3,100.0,0,1,1,0,2,5,4,0
218,Kevin Mbabu,SUI,"DF,FW",27.0,6,1,144.0,1.6,0.0,1.0,1.0,0.0,0.0,0.0,1.0,0.0,0.0,0.0,0.4,0.4,4.0,8.0,11.0,Matches,Fulham ,3,2,2,1,0,1,3,33.3,2,2,0,2,3,6,3,0
219,Jay Stansfield,ENG,FW,19.0,3,1,87.0,1.0,0.0,0.0,0.0,0.0,0.0,0.0,0.0,0.0,0.3,0.3,0.1,0.3,2.0,0.0,4.0,Matches,Fulham ,0,0,0,0,0,0,2,0.0,2,4,1,3,1,1,1,0
220,Nathaniel Chalobah,ENG,MF,27.0,4,1,12.0,0.1,0.0,0.0,0.0,0.0,0.0,0.0,0.0,1.0,0.1,0.1,0.0,0.1,0.0,0.0,0.0,Matches,Fulham ,1,1,1,0,0,1,1,100.0,0,0,0,0,0,1,2,0
221,Robin Koch,GER,DF,26.0,36,36,3175.0,35.3,0.0,0.0,0.0,0.0,0.0,0.0,7.0,0.0,1.5,1.5,0.4,1.9,11.0,114.0,11.0,Matches,Leeds United ,53,30,32,16,5,24,56,42.9,32,44,21,23,43,96,152,1
222,Illan Meslier,FRA,GK,22.0,34,34,3060.0,34.0,0.0,0.0,0.0,0.0,0.0,0.0,3.0,0.0,0.1,0.1,0.0,0.1,0.0,0.0,0.0,Matches,Leeds United ,2,1,2,0,0,2,4,50.0,2,0,0,0,1,3,30,3
223,Jack Harrison,ENG,"FW,MF",25.0,36,34,2708.0,30.1,5.0,7.0,12.0,5.0,0.0,0.0,2.0,0.0,4.7,4.7,5.1,9.8,103.0,103.0,255.0,Matches,Leeds United ,41,17,5,15,21,12,52,23.1,40,47,2,45,22,63,25,0
224,Marc Roca,ESP,MF,25.0,32,29,2315.0,25.7,1.0,2.0,3.0,1.0,0.0,0.0,7.0,0.0,2.1,2.1,2.9,5.0,25.0,172.0,28.0,Matches,Leeds United ,66,40,27,34,5,20,65,30.8,45,34,10,24,23,89,24,2
225,Brenden Aaronson,USA,"MF,FW",21.0,36,28,2372.0,26.4,1.0,3.0,4.0,1.0,0.0,0.0,2.0,0.0,3.9,3.9,4.2,8.1,43.0,86.0,151.0,Matches,Leeds United ,45,18,16,22,7,15,46,32.6,31,43,3,40,5,50,6,1
226,Pascal Struijk,NED,DF,22.0,29,26,2200.0,24.4,2.0,1.0,3.0,2.0,0.0,0.0,5.0,0.0,1.4,1.4,2.4,3.7,24.0,119.0,53.0,Matches,Leeds United ,84,57,43,31,10,49,75,65.3,26,32,12,20,32,116,70,1
227,Tyler Adams,USA,MF,23.0,24,24,2156.0,24.0,0.0,0.0,0.0,0.0,0.0,0.0,6.0,1.0,0.1,0.1,1.4,1.5,19.0,136.0,20.0,Matches,Leeds United ,89,46,44,35,10,50,77,64.9,27,48,8,40,35,124,29,0
228,Rodrigo,ESP,"FW,MF",31.0,31,23,1935.0,21.5,13.0,1.0,14.0,12.0,1.0,1.0,6.0,0.0,8.1,7.3,1.8,9.1,40.0,44.0,143.0,Matches,Leeds United ,24,10,2,15,7,8,19,42.1,11,16,4,12,6,30,21,1
229,Luke Ayling,ENG,DF,30.0,29,22,2054.0,22.8,2.0,1.0,3.0,2.0,0.0,0.0,3.0,0.0,3.2,3.2,2.0,5.2,28.0,77.0,100.0,Matches,Leeds United ,66,37,42,15,9,42,85,49.4,43,34,11,23,26,92,52,2
230,Rasmus Nissen,DEN,DF,25.0,26,21,1960.0,21.8,3.0,1.0,4.0,3.0,0.0,0.0,4.0,0.0,0.8,0.8,1.0,1.9,15.0,89.0,70.0,Matches,Leeds United ,62,35,35,21,6,42,76,55.3,34,32,14,18,35,97,61,0
231,Patrick Bamford,ENG,FW,28.0,28,18,1515.0,16.8,4.0,2.0,6.0,4.0,0.0,2.0,3.0,0.0,8.6,7.0,1.0,8.0,17.0,23.0,96.0,Matches,Leeds United ,9,6,0,6,3,4,20,20.0,16,12,5,7,5,14,13,0
232,Weston McKennie,USA,MF,23.0,19,16,1437.0,16.0,0.0,1.0,1.0,0.0,0.0,0.0,7.0,0.0,0.8,0.8,0.7,1.4,14.0,82.0,33.0,Matches,Leeds United ,30,13,5,18,7,10,29,34.5,19,22,3,19,22,52,26,0
233,Liam Cooper,SCO,DF,30.0,18,16,1426.0,15.8,1.0,0.0,1.0,1.0,0.0,0.0,5.0,0.0,1.0,1.0,0.7,1.7,3.0,47.0,2.0,Matches,Leeds United ,38,23,27,9,2,23,36,63.9,13,16,8,8,34,72,57,3
234,Junior Firpo,ESP,DF,25.0,19,14,1368.0,15.2,1.0,1.0,2.0,1.0,0.0,0.0,6.0,1.0,0.1,0.1,0.8,0.9,20.0,54.0,34.0,Matches,Leeds United ,47,25,27,15,5,24,46,52.2,22,23,7,16,24,71,40,0
235,Degnand Gnonto,ITA,"FW,MF",18.0,24,14,1354.0,15.0,2.0,4.0,6.0,2.0,0.0,0.0,7.0,0.0,1.8,1.8,2.2,4.0,66.0,35.0,136.0,Matches,Leeds United ,27,17,7,15,5,10,30,33.3,20,24,1,23,5,32,7,0
236,Maximilian Wöber,AUT,DF,24.0,16,14,1266.0,14.1,0.0,0.0,0.0,0.0,0.0,0.0,3.0,0.0,0.7,0.7,0.6,1.4,15.0,54.0,15.0,Matches,Leeds United ,25,18,9,15,1,16,24,66.7,8,32,14,18,27,52,67,1
237,Luis Sinisterra,COL,FW,23.0,19,13,867.0,9.6,5.0,0.0,5.0,5.0,0.0,0.0,3.0,1.0,3.7,3.7,0.4,4.2,30.0,39.0,84.0,Matches,Leeds United ,21,14,8,9,4,11,18,61.1,7,11,1,10,8,29,2,0
238,Crysencio Summerville,NED,FW,20.0,28,12,1426.0,15.8,4.0,2.0,6.0,4.0,0.0,0.0,4.0,0.0,2.9,2.9,1.6,4.5,51.0,45.0,92.0,Matches,Leeds United ,30,20,14,14,2,11,23,47.8,12,20,2,18,13,43,11,0
239,Diego Llorente,ESP,DF,28.0,8,7,649.0,7.2,0.0,0.0,0.0,0.0,0.0,0.0,1.0,0.0,0.7,0.7,0.0,0.7,2.0,27.0,1.0,Matches,Leeds United ,13,10,8,5,0,4,8,50.0,4,6,2,4,15,28,24,2
240,Adam Forshaw,ENG,MF,30.0,12,5,479.0,5.3,0.0,0.0,0.0,0.0,0.0,0.0,0.0,0.0,0.0,0.0,0.9,0.9,4.0,33.0,7.0,Matches,Leeds United ,12,9,5,7,0,7,17,41.2,10,9,1,8,4,16,2,0
241,Joel Robles,ESP,GK,32.0,4,4,360.0,4.0,0.0,0.0,0.0,0.0,0.0,0.0,1.0,0.0,0.0,0.0,0.0,0.0,0.0,0.0,0.0,Matches,Leeds United ,0,0,0,0,0,0,1,0.0,1,0,0,0,0,0,2,1
242,Sam Greenwood,ENG,"MF,FW",20.0,18,3,424.0,4.7,1.0,2.0,3.0,1.0,0.0,0.0,1.0,0.0,0.7,0.7,1.1,1.8,7.0,15.0,10.0,Matches,Leeds United ,15,7,7,8,0,8,21,38.1,13,10,2,8,1,16,1,0
243,Daniel James,WAL,FW,24.0,4,2,198.0,2.2,0.0,0.0,0.0,0.0,0.0,0.0,0.0,0.0,0.3,0.3,0.3,0.6,6.0,3.0,9.0,Matches,Leeds United ,6,2,1,3,2,3,6,50.0,3,4,0,4,2,8,2,0
244,Georginio Rutter,FRA,"FW,MF",20.0,11,1,273.0,3.0,0.0,1.0,1.0,0.0,0.0,0.0,0.0,0.0,0.4,0.4,0.3,0.7,5.0,6.0,21.0,Matches,Leeds United ,10,9,5,3,2,5,8,62.5,3,5,0,5,3,13,3,0
245,Joe Gelhardt,ENG,FW,20.0,15,1,212.0,2.4,0.0,2.0,2.0,0.0,0.0,0.0,1.0,0.0,0.8,0.8,0.5,1.3,2.0,6.0,21.0,Matches,Leeds United ,6,2,1,3,2,3,5,60.0,2,5,0,5,0,6,4,0
246,Cody Drameh,ENG,DF,20.0,1,1,69.0,0.8,0.0,0.0,0.0,0.0,0.0,0.0,0.0,0.0,0.0,0.0,0.0,0.0,0.0,2.0,3.0,Matches,Leeds United ,5,4,0,4,1,2,3,66.7,1,0,0,0,1,6,1,0
247,Mateusz Klich,POL,"MF,FW",32.0,14,0,280.0,3.1,0.0,0.0,0.0,0.0,0.0,0.0,2.0,0.0,0.2,0.2,0.2,0.4,5.0,16.0,21.0,Matches,Leeds United ,12,8,3,4,5,7,13,53.8,6,4,0,4,0,12,1,0
248,Timothy Castagne,BEL,DF,26.0,37,36,3254.0,36.2,2.0,3.0,5.0,2.0,0.0,0.0,3.0,0.0,2.2,2.2,2.6,4.8,39.0,106.0,149.0,Matches,Leicester City ,87,44,53,27,7,41,84,48.8,43,50,13,37,43,130,110,0
249,Harvey Barnes,ENG,"FW,MF",24.0,34,32,2711.0,30.1,13.0,1.0,14.0,13.0,0.0,0.0,3.0,0.0,8.9,8.9,3.1,12.0,100.0,79.0,257.0,Matches,Leicester City ,26,14,8,14,4,14,42,33.3,28,32,1,31,8,34,12,0
250,Wout Faes,BEL,DF,24.0,31,31,2786.0,31.0,1.0,2.0,3.0,1.0,0.0,0.0,6.0,1.0,1.2,1.2,0.6,1.9,11.0,74.0,2.0,Matches,Leicester City ,56,33,28,26,2,28,44,63.6,16,53,37,16,41,97,113,2
251,James Maddison,ENG,"MF,FW",25.0,30,28,2480.0,27.6,10.0,9.0,19.0,9.0,1.0,2.0,10.0,0.0,8.7,6.6,9.3,16.0,77.0,151.0,155.0,Matches,Leicester City ,51,26,25,19,7,19,50,38.0,31,19,1,18,13,64,6,1
252,Kiernan Dewsbury-Hall,ENG,MF,23.0,31,28,2306.0,25.6,2.0,2.0,4.0,2.0,0.0,0.0,5.0,1.0,2.4,2.4,3.3,5.6,68.0,132.0,91.0,Matches,Leicester City ,53,29,14,34,5,19,47,40.4,28,55,13,42,28,81,21,0
253,Youri Tielemans,BEL,MF,25.0,31,27,2344.0,26.0,3.0,2.0,5.0,2.0,1.0,2.0,4.0,0.0,2.5,0.9,4.7,5.6,35.0,181.0,56.0,Matches,Leicester City ,66,39,27,30,9,23,61,37.7,38,35,8,27,28,94,24,1
254,Danny Ward,WAL,GK,29.0,26,26,2340.0,26.0,0.0,0.0,0.0,0.0,0.0,0.0,0.0,0.0,0.0,0.0,0.0,0.0,0.0,0.0,0.0,Matches,Leicester City ,1,1,1,0,0,1,3,33.3,2,0,0,0,0,1,14,2
255,Boubakary Soumaré,FRA,MF,23.0,26,20,1629.0,18.1,0.0,0.0,0.0,0.0,0.0,0.0,9.0,0.0,0.0,0.0,0.4,0.4,17.0,73.0,20.0,Matches,Leicester City ,57,34,29,26,2,23,43,53.5,20,15,4,11,33,90,27,1
256,Jamie Vardy,ENG,FW,35.0,37,19,1857.0,20.6,3.0,4.0,7.0,3.0,0.0,1.0,1.0,0.0,6.7,5.9,1.4,7.3,16.0,14.0,101.0,Matches,Leicester City ,10,5,4,3,3,1,7,14.3,6,17,3,14,2,12,30,0
257,Wilfred Ndidi,NGA,MF,25.0,27,19,1679.0,18.7,0.0,0.0,0.0,0.0,0.0,0.0,4.0,0.0,0.2,0.2,0.1,0.3,11.0,51.0,7.0,Matches,Leicester City ,61,42,34,24,3,17,43,39.5,26,32,14,18,38,99,48,3
258,Daniel Amartey,GHA,DF,27.0,20,18,1610.0,17.9,0.0,0.0,0.0,0.0,0.0,0.0,1.0,0.0,1.1,1.1,0.5,1.6,23.0,66.0,5.0,Matches,Leicester City ,19,8,13,5,1,12,14,85.7,2,24,17,7,8,27,71,0
259,James Justin,ENG,DF,24.0,14,14,1252.0,13.9,0.0,0.0,0.0,0.0,0.0,0.0,0.0,0.0,0.3,0.3,0.3,0.6,20.0,47.0,50.0,Matches,Leicester City ,20,18,7,12,1,9,14,64.3,5,24,6,18,15,35,47,0
260,Patson Daka,ZAM,FW,23.0,30,13,1187.0,13.2,4.0,4.0,8.0,4.0,0.0,0.0,2.0,0.0,3.5,3.5,2.8,6.3,18.0,17.0,82.0,Matches,Leicester City ,14,8,6,8,0,3,12,25.0,9,14,2,12,7,21,7,0
261,Jonny Evans,NIR,DF,34.0,13,12,1051.0,11.7,0.0,0.0,0.0,0.0,0.0,0.0,1.0,0.0,0.2,0.2,0.0,0.2,6.0,35.0,0.0,Matches,Leicester City ,13,5,12,1,0,7,11,63.6,4,15,11,4,18,31,51,0
262,Kelechi Iheanacho,NGA,"FW,MF",25.0,28,11,1127.0,12.5,5.0,5.0,10.0,4.0,1.0,1.0,0.0,0.0,7.1,6.3,4.0,10.4,33.0,27.0,99.0,Matches,Leicester City ,7,2,0,3,4,3,10,30.0,7,9,1,8,0,7,8,0
263,Luke Thomas,ENG,DF,21.0,17,11,1073.0,11.9,0.0,0.0,0.0,0.0,0.0,0.0,3.0,0.0,0.1,0.1,0.7,0.8,10.0,48.0,13.0,Matches,Leicester City ,23,19,15,5,3,15,32,46.9,17,20,4,16,27,50,35,0
264,Harry Souttar,AUS,DF,23.0,12,11,992.0,11.0,0.0,1.0,1.0,0.0,0.0,0.0,2.0,0.0,1.4,1.4,0.2,1.6,6.0,29.0,4.0,Matches,Leicester City ,15,9,10,5,0,7,18,38.9,11,16,12,4,12,27,45,0
265,Victor Bernth Kristiansen,DEN,DF,19.0,12,11,892.0,9.9,0.0,1.0,1.0,0.0,0.0,0.0,2.0,0.0,0.1,0.1,0.8,0.9,17.0,31.0,24.0,Matches,Leicester City ,38,23,18,16,4,22,30,73.3,8,16,4,12,3,41,26,0
266,Tetê,BRA,FW,22.0,13,9,734.0,8.2,1.0,0.0,1.0,1.0,0.0,0.0,0.0,0.0,1.8,1.8,0.4,2.2,22.0,26.0,55.0,Matches,Leicester City ,14,8,5,7,2,6,21,28.6,15,9,0,9,2,16,3,0
267,Nampalys Mendy,SEN,MF,30.0,19,7,757.0,8.4,1.0,0.0,1.0,1.0,0.0,0.0,1.0,0.0,0.1,0.1,0.0,0.2,2.0,28.0,4.0,Matches,Leicester City ,13,9,7,6,0,8,15,53.3,7,20,4,16,13,26,2,0
268,Dennis Praet,BEL,"MF,FW",28.0,22,6,649.0,7.2,1.0,0.0,1.0,1.0,0.0,0.0,1.0,0.0,1.0,1.0,0.5,1.5,15.0,17.0,42.0,Matches,Leicester City ,12,9,5,6,1,6,11,54.5,5,12,2,10,5,17,6,0
269,Çağlar Söyüncü,TUR,DF,26.0,7,6,529.0,5.9,1.0,0.0,1.0,1.0,0.0,0.0,2.0,0.0,0.4,0.4,0.1,0.5,5.0,12.0,0.0,Matches,Leicester City ,14,9,10,4,0,7,10,70.0,3,9,8,1,7,21,30,0
270,Ricardo Pereira,POR,"DF,MF",28.0,10,5,454.0,5.0,1.0,1.0,2.0,1.0,0.0,0.0,2.0,0.0,0.1,0.1,0.6,0.7,5.0,27.0,14.0,Matches,Leicester City ,11,7,8,3,0,7,17,41.2,10,8,2,6,4,15,20,0
271,Ayoze Pérez,ESP,"MF,FW",29.0,8,3,382.0,4.2,0.0,1.0,1.0,0.0,0.0,0.0,0.0,0.0,1.1,1.1,1.5,2.6,17.0,20.0,43.0,Matches,Leicester City ,11,8,5,4,2,8,19,42.1,11,6,0,6,2,13,3,0
272,Wesley Fofana,FRA,DF,21.0,2,2,180.0,2.0,0.0,0.0,0.0,0.0,0.0,0.0,1.0,0.0,0.1,0.1,0.0,0.1,3.0,6.0,1.0,Matches,Leicester City ,4,2,1,2,1,1,3,33.3,2,1,1,0,9,13,5,0
273,Marc Albrighton,ENG,"FW,MF",32.0,6,1,237.0,2.6,1.0,0.0,1.0,1.0,0.0,0.0,0.0,0.0,0.3,0.3,0.9,1.3,4.0,7.0,18.0,Matches,Leicester City ,4,1,0,2,2,1,8,12.5,7,6,2,4,1,5,5,0
274,Alisson,BRA,GK,29.0,37,37,3330.0,37.0,0.0,1.0,1.0,0.0,0.0,0.0,1.0,0.0,0.0,0.0,0.3,0.3,0.0,3.0,0.0,Matches,Liverpool ,0,0,0,0,0,0,3,0.0,3,3,0,3,0,0,20,0
275,Mohamed Salah,EGY,FW,30.0,38,37,3290.0,36.6,19.0,12.0,31.0,17.0,2.0,4.0,2.0,0.0,21.7,18.5,7.7,26.2,120.0,149.0,421.0,Matches,Liverpool ,21,12,4,5,12,10,26,38.5,16,21,0,21,6,27,4,0
276,Trent Alexander-Arnold,ENG,DF,23.0,37,34,2923.0,32.5,2.0,9.0,11.0,2.0,0.0,0.0,5.0,0.0,2.4,2.4,11.5,13.8,43.0,235.0,139.0,Matches,Liverpool ,57,40,32,16,9,42,79,53.2,37,25,7,18,43,100,41,2
277,Virgil van Dijk,NED,DF,31.0,32,32,2835.0,31.5,3.0,1.0,4.0,3.0,0.0,0.0,3.0,0.0,2.6,2.6,1.2,3.8,10.0,127.0,8.0,Matches,Liverpool ,27,14,13,11,3,8,19,42.1,11,24,16,8,31,58,138,2
278,Fabinho,BRA,MF,28.0,36,31,2671.0,29.7,0.0,2.0,2.0,0.0,0.0,0.0,11.0,0.0,0.7,0.7,2.1,2.9,15.0,161.0,39.0,Matches,Liverpool ,65,38,18,40,7,24,62,38.7,38,38,11,27,37,102,40,0
279,Andrew Robertson,SCO,DF,28.0,34,29,2583.0,28.7,0.0,8.0,8.0,0.0,0.0,0.0,3.0,0.0,1.3,1.3,6.1,7.4,80.0,166.0,194.0,Matches,Liverpool ,38,21,12,16,10,21,41,51.2,20,32,5,27,18,56,50,3
280,Jordan Henderson,ENG,MF,32.0,35,23,2074.0,23.0,0.0,2.0,2.0,0.0,0.0,0.0,2.0,0.0,1.4,1.4,3.2,4.5,37.0,189.0,90.0,Matches,Liverpool ,32,23,10,18,4,15,36,41.7,21,21,3,18,21,53,16,1
281,Darwin Núñez,URU,FW,23.0,29,19,1695.0,18.8,9.0,3.0,12.0,9.0,0.0,0.0,1.0,1.0,12.1,12.1,5.4,17.5,61.0,29.0,181.0,Matches,Liverpool ,11,5,2,4,5,4,17,23.5,13,10,0,10,3,14,13,0
282,Harvey Elliott,ENG,"MF,FW",19.0,32,18,1613.0,17.9,1.0,2.0,3.0,1.0,0.0,0.0,2.0,0.0,2.1,2.1,3.6,5.7,54.0,142.0,129.0,Matches,Liverpool ,27,18,6,12,9,9,36,25.0,27,26,1,25,15,42,8,0
283,Ibrahima Konaté,FRA,DF,23.0,18,17,1552.0,17.2,0.0,0.0,0.0,0.0,0.0,0.0,5.0,0.0,1.2,1.2,0.1,1.4,7.0,56.0,5.0,Matches,Liverpool ,38,26,25,13,0,16,27,59.3,11,12,5,7,26,64,61,4
284,Cody Gakpo,NED,"FW,MF",23.0,21,17,1458.0,16.2,7.0,2.0,9.0,7.0,0.0,0.0,0.0,0.0,6.2,6.2,2.7,8.9,36.0,50.0,109.0,Matches,Liverpool ,26,15,4,13,9,13,38,34.2,25,13,1,12,4,30,2,0
285,Joe Gomez,ENG,DF,25.0,21,15,1466.0,16.3,0.0,0.0,0.0,0.0,0.0,0.0,3.0,0.0,0.2,0.2,0.2,0.3,15.0,108.0,5.0,Matches,Liverpool ,28,21,15,11,2,11,19,57.9,8,17,11,6,24,52,51,2
286,Thiago Alcántara,ESP,MF,31.0,18,14,1254.0,13.9,0.0,0.0,0.0,0.0,0.0,0.0,2.0,0.0,0.4,0.4,1.1,1.5,13.0,120.0,24.0,Matches,Liverpool ,43,24,20,21,2,14,23,60.9,9,15,3,12,21,64,13,2
287,Roberto Firmino,BRA,"FW,MF",30.0,25,13,1213.0,13.5,11.0,4.0,15.0,11.0,0.0,0.0,0.0,0.0,5.5,5.5,2.5,8.0,16.0,78.0,96.0,Matches,Liverpool ,17,12,2,12,3,4,21,19.0,17,16,1,15,7,24,2,0
288,Diogo Jota,POR,FW,25.0,22,12,1131.0,12.6,7.0,4.0,11.0,7.0,0.0,0.0,2.0,0.0,6.5,6.5,2.1,8.6,34.0,30.0,104.0,Matches,Liverpool ,23,15,8,8,7,12,37,32.4,25,5,0,5,3,26,11,0
289,Joël Matip,CMR,DF,30.0,14,12,1092.0,12.1,1.0,0.0,1.0,1.0,0.0,0.0,3.0,0.0,0.7,0.7,0.3,1.0,28.0,59.0,2.0,Matches,Liverpool ,14,8,12,2,0,11,23,47.8,12,8,3,5,21,35,45,3
290,Curtis Jones,ENG,MF,21.0,18,12,1035.0,11.5,3.0,1.0,4.0,3.0,0.0,0.0,2.0,0.0,1.2,1.2,1.1,2.3,31.0,69.0,75.0,Matches,Liverpool ,34,17,8,12,14,18,31,58.1,13,12,2,10,3,37,9,0
291,Luis Díaz,COL,FW,25.0,17,11,996.0,11.1,4.0,2.0,6.0,4.0,0.0,0.0,2.0,0.0,2.5,2.5,1.5,4.0,39.0,49.0,116.0,Matches,Liverpool ,17,11,4,8,5,8,15,53.3,7,8,0,8,6,23,2,0
292,Kostas Tsimikas,GRE,DF,26.0,20,9,771.0,8.6,0.0,4.0,4.0,0.0,0.0,0.0,3.0,0.0,0.6,0.6,1.6,2.3,23.0,26.0,77.0,Matches,Liverpool ,14,9,10,2,2,10,16,62.5,6,8,1,7,12,26,15,0
293,James Milner,ENG,"MF,DF",36.0,31,7,913.0,10.1,0.0,1.0,1.0,0.0,0.0,0.0,2.0,0.0,0.4,0.4,0.9,1.3,21.0,70.0,78.0,Matches,Liverpool ,26,16,11,11,4,15,34,44.1,19,14,2,12,12,38,15,0
294,Stefan Bajcetic,ESP,MF,17.0,11,6,526.0,5.8,1.0,0.0,1.0,1.0,0.0,0.0,2.0,0.0,0.8,0.8,0.4,1.2,10.0,24.0,1.0,Matches,Liverpool ,9,6,5,3,1,8,27,29.6,19,7,0,7,9,18,4,0
295,Fabio Carvalho,POR,"MF,FW",19.0,13,4,347.0,3.9,2.0,0.0,2.0,2.0,0.0,0.0,0.0,0.0,1.1,1.1,0.1,1.2,9.0,12.0,26.0,Matches,Liverpool ,8,8,3,3,2,3,6,50.0,3,6,0,6,6,14,0,0
296,Alex Oxlade-Chamberlain,ENG,"FW,MF",28.0,9,4,335.0,3.7,1.0,0.0,1.0,1.0,0.0,0.0,0.0,0.0,1.3,1.3,0.9,2.2,11.0,14.0,28.0,Matches,Liverpool ,5,4,1,2,2,1,5,20.0,4,5,2,3,1,6,4,0
297,Naby Keïta,GUI,MF,27.0,8,3,293.0,3.3,0.0,0.0,0.0,0.0,0.0,0.0,1.0,0.0,0.6,0.6,0.7,1.4,5.0,15.0,21.0,Matches,Liverpool ,5,4,2,3,0,1,4,25.0,3,1,0,1,2,7,3,0
298,Nathaniel Phillips,ENG,DF,25.0,2,1,66.0,0.7,0.0,0.0,0.0,0.0,0.0,0.0,0.0,0.0,0.0,0.0,0.0,0.0,0.0,9.0,0.0,Matches,Liverpool ,2,1,0,2,0,2,2,100.0,0,0,0,0,2,4,1,0
299,Ben Doak,SCO,FW,16.0,2,0,26.0,0.3,0.0,0.0,0.0,0.0,0.0,0.0,0.0,0.0,0.0,0.0,0.0,0.0,1.0,1.0,4.0,Matches,Liverpool ,3,2,1,2,0,1,1,100.0,0,1,0,1,0,3,0,0
300,Ederson,BRA,GK,28.0,35,35,3150.0,35.0,0.0,1.0,1.0,0.0,0.0,0.0,3.0,0.0,0.0,0.0,0.2,0.2,0.0,0.0,0.0,Matches,Manchester City ,3,1,3,0,0,1,2,50.0,1,0,0,0,1,4,10,2
301,Rodri,ESP,MF,26.0,36,34,2911.0,32.3,2.0,6.0,8.0,2.0,0.0,0.0,5.0,0.0,4.6,4.6,4.1,8.7,76.0,260.0,37.0,Matches,Manchester City ,67,41,28,28,11,26,52,50.0,26,40,14,26,33,100,43,1
302,Erling Haaland,NOR,FW,22.0,35,33,2769.0,30.8,36.0,8.0,44.0,29.0,7.0,7.0,5.0,0.0,28.4,23.1,5.3,28.4,35.0,58.0,151.0,Matches,Manchester City ,3,2,0,2,1,1,5,20.0,4,12,4,8,3,6,14,0
303,Kevin De Bruyne,BEL,MF,31.0,32,28,2417.0,26.9,7.0,16.0,23.0,7.0,0.0,0.0,1.0,0.0,5.6,5.6,13.7,19.3,100.0,246.0,245.0,Matches,Manchester City ,28,12,3,12,13,14,39,35.9,25,27,2,25,9,37,10,0
304,İlkay Gündoğan,GER,MF,31.0,31,27,2353.0,26.1,8.0,4.0,12.0,8.0,0.0,1.0,0.0,0.0,7.5,6.7,3.3,10.0,53.0,170.0,124.0,Matches,Manchester City ,30,18,7,13,10,12,33,36.4,21,18,3,15,20,50,13,0
305,Manuel Akanji,SUI,DF,27.0,29,24,2287.0,25.4,0.0,1.0,1.0,0.0,0.0,0.0,2.0,0.0,1.3,1.3,0.4,1.7,24.0,116.0,17.0,Matches,Manchester City ,36,25,15,18,3,23,36,63.9,13,27,9,18,16,52,33,0
306,Bernardo Silva,POR,"MF,FW",27.0,34,24,2205.0,24.5,4.0,5.0,9.0,4.0,0.0,0.0,5.0,0.0,2.2,2.2,3.3,5.4,90.0,130.0,188.0,Matches,Manchester City ,44,23,11,25,8,18,44,40.9,26,23,6,17,16,60,6,0
307,Jack Grealish,ENG,FW,26.0,28,23,2055.0,22.8,5.0,7.0,12.0,5.0,0.0,0.0,4.0,0.0,4.6,4.6,7.0,11.7,143.0,100.0,310.0,Matches,Manchester City ,25,16,10,12,3,13,22,59.1,9,17,3,14,7,32,9,0
308,Rúben Dias,POR,DF,25.0,26,22,1998.0,22.2,0.0,0.0,0.0,0.0,0.0,0.0,3.0,0.0,1.3,1.3,0.6,1.9,14.0,98.0,2.0,Matches,Manchester City ,21,13,10,10,1,11,18,61.1,7,21,13,8,18,39,56,1
309,Kyle Walker,ENG,DF,32.0,27,22,1958.0,21.8,0.0,0.0,0.0,0.0,0.0,0.0,3.0,0.0,0.4,0.4,0.2,0.7,50.0,162.0,75.0,Matches,Manchester City ,13,9,8,5,0,4,24,16.7,20,12,2,10,18,31,22,0
310,Riyad Mahrez,ALG,"FW,MF",31.0,30,22,1920.0,21.3,5.0,10.0,15.0,4.0,1.0,1.0,2.0,0.0,5.5,4.7,7.0,11.8,78.0,76.0,242.0,Matches,Manchester City ,30,14,8,13,9,13,38,34.2,25,27,1,26,9,39,5,0
311,Nathan Aké,NED,DF,27.0,26,22,1873.0,20.8,1.0,0.0,1.0,1.0,0.0,0.0,2.0,0.0,1.6,1.6,0.7,2.3,25.0,140.0,30.0,Matches,Manchester City ,26,12,15,9,2,11,15,73.3,4,20,10,10,20,46,48,0
312,Phil Foden,ENG,FW,22.0,32,22,1842.0,20.5,11.0,6.0,17.0,11.0,0.0,0.0,1.0,0.0,5.9,5.9,4.7,10.6,68.0,88.0,275.0,Matches,Manchester City ,16,10,9,5,2,8,19,42.1,11,25,2,23,5,21,12,0
313,John Stones,ENG,"DF,MF",28.0,23,21,1846.0,20.5,2.0,2.0,4.0,2.0,0.0,0.0,2.0,0.0,1.0,1.0,1.4,2.4,28.0,101.0,34.0,Matches,Manchester City ,23,13,11,8,4,7,10,70.0,3,17,10,7,9,32,40,0
314,João Cancelo,POR,DF,28.0,17,16,1274.0,14.2,2.0,1.0,3.0,2.0,0.0,0.0,3.0,1.0,0.8,0.8,0.9,1.7,72.0,106.0,125.0,Matches,Manchester City ,29,21,16,9,4,17,24,70.8,7,7,1,6,19,48,9,1
315,Julián Álvarez,ARG,"FW,MF",22.0,31,13,1465.0,16.3,9.0,0.0,9.0,8.0,1.0,1.0,0.0,0.0,7.0,6.2,1.8,8.0,38.0,37.0,99.0,Matches,Manchester City ,26,16,3,13,10,9,29,31.0,20,13,0,13,2,28,6,0
316,Aymeric Laporte,ESP,DF,28.0,12,11,993.0,11.0,0.0,0.0,0.0,0.0,0.0,0.0,0.0,0.0,0.5,0.5,0.2,0.7,30.0,85.0,11.0,Matches,Manchester City ,11,8,6,4,1,7,11,63.6,4,10,4,6,3,14,30,1
317,Rico Lewis,ENG,"DF,MF",17.0,14,10,903.0,10.0,0.0,0.0,0.0,0.0,0.0,0.0,1.0,0.0,0.2,0.2,1.5,1.7,22.0,48.0,26.0,Matches,Manchester City ,16,9,9,5,2,6,11,54.5,5,8,4,4,6,22,13,1
318,Cole Palmer,ENG,"MF,FW",20.0,14,2,370.0,4.1,0.0,1.0,1.0,0.0,0.0,0.0,1.0,0.0,1.2,1.2,0.6,1.8,29.0,13.0,40.0,Matches,Manchester City ,5,1,0,3,2,3,5,60.0,2,2,1,1,1,6,2,0
319,Sergio Gómez,ESP,"DF,MF",21.0,12,2,349.0,3.9,0.0,1.0,1.0,0.0,0.0,0.0,0.0,0.0,0.4,0.4,1.2,1.5,10.0,18.0,20.0,Matches,Manchester City ,9,4,6,1,2,5,8,62.5,3,5,3,2,2,11,9,1
320,Kalvin Phillips,ENG,MF,26.0,12,2,300.0,3.3,0.0,0.0,0.0,0.0,0.0,0.0,1.0,0.0,0.3,0.3,0.2,0.5,1.0,18.0,2.0,Matches,Manchester City ,6,4,3,3,0,2,9,22.2,7,7,3,4,5,11,10,0
321,Shea Charles,NIR,DF,18.0,1,0,28.0,0.3,0.0,0.0,0.0,0.0,0.0,0.0,0.0,0.0,0.0,0.0,0.0,0.0,1.0,1.0,0.0,Matches,Manchester City ,4,0,4,0,0,1,1,100.0,0,0,0,0,1,5,2,0
322,David de Gea,ESP,GK,31.0,38,38,3420.0,38.0,0.0,0.0,0.0,0.0,0.0,0.0,0.0,0.0,0.0,0.0,0.1,0.1,0.0,0.0,0.0,Matches,Manchester United ,0,0,0,0,0,0,1,0.0,1,0,0,0,1,1,15,3
323,Bruno Fernandes,POR,"MF,FW",27.0,37,37,3316.0,36.8,8.0,8.0,16.0,6.0,2.0,2.0,6.0,0.0,9.3,7.7,16.7,24.4,89.0,263.0,231.0,Matches,Manchester United ,68,42,24,25,19,30,71,42.3,41,37,5,32,25,93,40,1
324,Marcus Rashford,ENG,FW,24.0,35,32,2879.0,32.0,17.0,5.0,22.0,17.0,0.0,0.0,2.0,0.0,15.4,15.4,3.4,18.8,85.0,88.0,245.0,Matches,Manchester United ,20,10,7,8,5,9,24,37.5,15,31,4,27,7,27,14,0
325,Luke Shaw,ENG,DF,27.0,31,30,2552.0,28.4,1.0,2.0,3.0,1.0,0.0,0.0,8.0,0.0,1.1,1.1,3.6,4.7,53.0,140.0,76.0,Matches,Manchester United ,55,36,31,22,2,32,45,71.1,13,51,17,34,36,91,55,2
326,Christian Eriksen,DEN,MF,30.0,28,25,2048.0,22.8,1.0,8.0,9.0,1.0,0.0,0.0,3.0,0.0,5.0,5.0,4.2,9.2,23.0,164.0,66.0,Matches,Manchester United ,22,18,10,7,5,10,32,31.3,22,23,9,14,11,33,20,1
327,Diogo Dalot,POR,DF,23.0,26,24,2154.0,23.9,1.0,2.0,3.0,1.0,0.0,0.0,6.0,0.0,2.5,2.5,1.9,4.4,46.0,92.0,85.0,Matches,Manchester United ,54,41,40,13,1,33,45,73.3,12,25,7,18,37,91,55,2
328,Casemiro,BRA,MF,30.0,28,24,2124.0,23.6,4.0,3.0,7.0,4.0,0.0,0.0,7.0,2.0,3.4,3.4,3.1,6.5,14.0,152.0,34.0,Matches,Manchester United ,89,46,43,35,11,48,92,52.2,44,49,11,38,34,123,64,0
329,Lisandro Martínez,ARG,DF,24.0,27,24,2114.0,23.5,1.0,0.0,1.0,1.0,0.0,0.0,6.0,0.0,0.5,0.5,0.3,0.8,12.0,83.0,2.0,Matches,Manchester United ,54,28,33,18,3,30,43,69.8,13,51,27,24,33,87,103,0
330,Antony,BRA,FW,22.0,25,23,1802.0,20.0,4.0,2.0,6.0,4.0,0.0,0.0,5.0,0.0,6.6,6.6,2.9,9.4,95.0,74.0,168.0,Matches,Manchester United ,22,9,9,9,4,8,28,28.6,20,18,0,18,11,33,6,0
331,Raphaël Varane,FRA,DF,29.0,24,22,1911.0,21.2,0.0,0.0,0.0,0.0,0.0,0.0,1.0,0.0,0.7,0.7,0.2,0.9,17.0,63.0,4.0,Matches,Manchester United ,24,9,18,6,0,7,17,41.2,10,24,17,7,11,35,91,0
332,Jadon Sancho,ENG,"FW,MF",22.0,26,21,1686.0,18.7,6.0,3.0,9.0,6.0,0.0,0.0,0.0,0.0,4.2,4.2,5.0,9.2,88.0,76.0,173.0,Matches,Manchester United ,16,10,7,5,4,8,28,28.6,20,25,2,23,7,23,6,0
333,Aaron Wan-Bissaka,ENG,DF,24.0,19,16,1435.0,15.9,0.0,0.0,0.0,0.0,0.0,0.0,2.0,0.0,1.2,1.2,1.0,2.2,41.0,55.0,64.0,Matches,Manchester United ,40,25,20,17,3,23,25,92.0,2,24,8,16,22,62,41,0
334,Tyrell Malacia,NED,DF,22.0,22,14,1396.0,15.5,0.0,0.0,0.0,0.0,0.0,0.0,6.0,0.0,0.2,0.2,0.7,0.9,19.0,44.0,33.0,Matches,Manchester United ,46,33,33,12,1,14,25,56.0,11,13,3,10,25,71,49,0
335,Victor Lindelöf,SWE,DF,28.0,20,14,1365.0,15.2,0.0,0.0,0.0,0.0,0.0,0.0,1.0,0.0,0.3,0.3,0.1,0.4,3.0,36.0,1.0,Matches,Manchester United ,22,17,10,9,3,9,17,52.9,8,18,9,9,21,43,63,1
336,Fred,BRA,MF,29.0,35,12,1249.0,13.9,2.0,2.0,4.0,2.0,0.0,0.0,6.0,0.0,2.0,2.0,2.9,4.9,10.0,76.0,50.0,Matches,Manchester United ,47,30,24,20,3,15,38,39.5,23,38,2,36,19,66,19,0
337,Anthony Martial,FRA,FW,26.0,21,11,978.0,10.9,6.0,2.0,8.0,5.0,1.0,1.0,0.0,0.0,6.2,5.5,1.4,6.9,18.0,35.0,87.0,Matches,Manchester United ,5,3,0,2,3,1,4,25.0,3,11,2,9,1,6,4,0
338,Scott McTominay,SCO,MF,25.0,24,10,1160.0,12.9,1.0,0.0,1.0,1.0,0.0,0.0,8.0,0.0,1.9,1.9,0.6,2.5,20.0,33.0,19.0,Matches,Manchester United ,32,19,16,10,6,13,22,59.1,9,15,6,9,14,46,45,0
339,Wout Weghorst,NED,"FW,MF",29.0,17,10,797.0,8.9,0.0,1.0,1.0,0.0,0.0,0.0,1.0,0.0,2.0,2.0,1.2,3.2,3.0,17.0,41.0,Matches,Manchester United ,11,5,6,1,4,2,9,22.2,7,7,2,5,7,18,9,0
340,Harry Maguire,ENG,DF,29.0,16,8,767.0,8.5,0.0,0.0,0.0,0.0,0.0,0.0,4.0,0.0,0.3,0.3,0.0,0.4,8.0,26.0,4.0,Matches,Manchester United ,8,6,6,1,1,4,5,80.0,1,18,11,7,13,21,41,0
341,Marcel Sabitzer,AUT,MF,28.0,11,7,627.0,7.0,0.0,1.0,1.0,0.0,0.0,0.0,1.0,0.0,0.7,0.7,0.9,1.7,8.0,38.0,26.0,Matches,Manchester United ,12,8,3,8,1,2,11,18.2,9,6,2,4,8,20,11,0
342,Alejandro Garnacho,ARG,"FW,MF",18.0,19,5,569.0,6.3,3.0,2.0,5.0,3.0,0.0,0.0,3.0,0.0,3.0,3.0,1.0,4.1,33.0,12.0,85.0,Matches,Manchester United ,5,2,2,0,3,1,11,9.1,10,5,0,5,5,10,3,0
343,Anthony Elanga,SWE,FW,20.0,16,5,426.0,4.7,0.0,1.0,1.0,0.0,0.0,0.0,0.0,0.0,0.7,0.7,0.9,1.6,12.0,8.0,28.0,Matches,Manchester United ,3,0,0,2,1,1,2,50.0,1,4,0,4,2,5,4,0
344,Cristiano Ronaldo,POR,FW,37.0,10,4,525.0,5.8,1.0,0.0,1.0,1.0,0.0,0.0,2.0,0.0,1.9,1.9,0.4,2.3,9.0,12.0,33.0,Matches,Manchester United ,2,2,1,0,1,1,2,50.0,1,0,0,0,1,3,9,0
345,Donny van de Beek,NED,MF,25.0,7,2,167.0,1.9,0.0,0.0,0.0,0.0,0.0,0.0,0.0,0.0,0.1,0.1,0.1,0.2,2.0,6.0,20.0,Matches,Manchester United ,0,0,0,0,0,0,1,0.0,1,2,1,1,1,1,1,0
346,Kieran Trippier,ENG,DF,31.0,38,38,3341.0,37.1,1.0,7.0,8.0,1.0,0.0,0.0,5.0,0.0,0.9,0.9,12.4,13.3,45.0,260.0,151.0,Matches,Newcastle United ,71,49,36,27,8,46,90,51.1,44,45,15,30,43,114,84,2
347,Nick Pope,ENG,GK,30.0,37,37,3261.0,36.2,0.0,0.0,0.0,0.0,0.0,0.0,3.0,1.0,0.0,0.0,0.1,0.1,0.0,1.0,0.0,Matches,Newcastle United ,1,0,1,0,0,1,3,33.3,2,0,0,0,0,1,27,2
348,Fabian Schär,SUI,DF,30.0,36,36,3206.0,35.6,1.0,3.0,4.0,1.0,0.0,0.0,7.0,0.0,4.9,4.9,3.3,8.2,27.0,139.0,32.0,Matches,Newcastle United ,47,22,31,13,3,24,39,61.5,15,34,19,15,52,99,139,0
349,Sven Botman,NED,DF,22.0,36,35,3127.0,34.7,0.0,0.0,0.0,0.0,0.0,0.0,2.0,0.0,2.5,2.5,1.0,3.5,8.0,87.0,5.0,Matches,Newcastle United ,38,24,31,7,0,22,28,78.6,6,44,24,20,34,72,126,2
350,Dan Burn,ENG,DF,30.0,38,35,3111.0,34.6,1.0,0.0,1.0,1.0,0.0,0.0,5.0,0.0,2.1,2.1,1.3,3.4,29.0,118.0,46.0,Matches,Newcastle United ,60,38,29,23,8,34,67,50.7,33,42,16,26,32,92,120,2
351,Bruno Guimarães,BRA,MF,24.0,32,32,2726.0,30.3,4.0,5.0,9.0,4.0,0.0,0.0,7.0,0.0,2.8,2.8,4.0,6.8,41.0,222.0,42.0,Matches,Newcastle United ,78,40,27,46,5,38,65,58.5,27,28,4,24,36,114,22,1
352,Joe Willock,ENG,MF,22.0,35,31,2558.0,28.4,3.0,6.0,9.0,3.0,0.0,0.0,1.0,0.0,7.0,7.0,6.0,13.0,97.0,121.0,152.0,Matches,Newcastle United ,51,30,13,26,12,25,58,43.1,33,54,8,46,25,76,17,0
353,Joelinton,BRA,"MF,FW",25.0,32,30,2661.0,29.6,6.0,1.0,7.0,6.0,0.0,0.0,12.0,0.0,7.1,7.1,2.4,9.4,64.0,130.0,150.0,Matches,Newcastle United ,70,49,36,26,8,26,62,41.9,36,52,7,45,48,118,39,0
354,Miguel Almirón,PAR,FW,28.0,34,29,2491.0,27.7,11.0,2.0,13.0,11.0,0.0,0.0,2.0,0.0,8.0,8.0,3.2,11.1,77.0,124.0,264.0,Matches,Newcastle United ,46,30,16,19,11,18,42,42.9,24,25,2,23,10,56,17,0
355,Sean Longstaff,ENG,MF,24.0,33,28,2518.0,28.0,1.0,4.0,5.0,1.0,0.0,0.0,2.0,0.0,3.6,3.6,3.3,6.9,21.0,116.0,115.0,Matches,Newcastle United ,42,21,16,20,6,20,52,38.5,32,35,8,27,16,58,23,0
356,Callum Wilson,ENG,FW,30.0,31,21,1877.0,20.9,18.0,5.0,23.0,15.0,3.0,3.0,4.0,0.0,17.5,15.1,2.7,17.8,27.0,19.0,118.0,Matches,Newcastle United ,9,3,0,8,1,0,3,0.0,3,8,0,8,1,10,5,0
357,Alexander Isak,SWE,FW,22.0,22,17,1522.0,16.9,10.0,1.0,11.0,8.0,2.0,2.0,3.0,0.0,8.2,6.7,2.2,8.9,41.0,48.0,122.0,Matches,Newcastle United ,18,8,4,7,7,10,28,35.7,18,21,2,19,4,22,8,0
358,Jacob Murphy,ENG,FW,27.0,36,14,1251.0,13.9,4.0,2.0,6.0,4.0,0.0,0.0,0.0,0.0,3.3,3.3,2.8,6.1,66.0,57.0,141.0,Matches,Newcastle United ,15,7,3,8,4,8,20,40.0,12,17,0,17,7,22,3,0
359,Allan Saint-Maximin,FRA,FW,25.0,25,12,1120.0,12.4,1.0,5.0,6.0,1.0,0.0,0.0,1.0,0.0,1.6,1.6,4.6,6.2,93.0,69.0,111.0,Matches,Newcastle United ,10,3,3,6,1,2,11,18.2,9,4,0,4,5,15,2,0
360,Matt Targett,ENG,DF,26.0,17,6,610.0,6.8,0.0,0.0,0.0,0.0,0.0,0.0,1.0,0.0,0.0,0.0,0.4,0.4,3.0,43.0,13.0,Matches,Newcastle United ,13,10,8,3,2,9,24,37.5,15,8,3,5,9,22,16,0
361,Anthony Gordon,ENG,"FW,MF",21.0,16,4,487.0,5.4,1.0,0.0,1.0,1.0,0.0,0.0,1.0,0.0,1.7,1.7,0.9,2.6,20.0,15.0,45.0,Matches,Newcastle United ,14,12,5,7,2,9,20,45.0,11,9,1,8,2,16,1,1
362,Chris Wood,NZL,FW,30.0,18,4,446.0,5.0,2.0,0.0,2.0,1.0,1.0,1.0,0.0,0.0,1.8,1.0,0.3,1.3,1.0,4.0,23.0,Matches,Newcastle United ,5,4,0,3,2,3,5,60.0,2,2,2,0,1,6,7,0
363,Elliot Anderson,SCO,"MF,FW",19.0,22,3,410.0,4.6,0.0,1.0,1.0,0.0,0.0,0.0,0.0,0.0,1.0,1.0,1.3,2.3,23.0,24.0,35.0,Matches,Newcastle United ,11,5,5,3,3,6,12,50.0,6,11,2,9,6,17,2,0
364,Ryan Fraser,SCO,FW,28.0,8,3,313.0,3.5,0.0,0.0,0.0,0.0,0.0,0.0,1.0,0.0,0.3,0.3,0.4,0.7,8.0,9.0,23.0,Matches,Newcastle United ,2,2,0,0,2,2,5,40.0,3,3,1,2,0,2,3,0
365,Jamaal Lascelles,ENG,DF,28.0,7,2,218.0,2.4,0.0,0.0,0.0,0.0,0.0,0.0,4.0,0.0,0.1,0.1,0.0,0.1,0.0,3.0,0.0,Matches,Newcastle United ,1,0,1,0,0,1,1,100.0,0,3,2,1,0,1,17,0
366,Martin Dúbravka,SVK,GK,33.0,2,1,157.0,1.7,0.0,0.0,0.0,0.0,0.0,0.0,0.0,0.0,0.0,0.0,0.0,0.0,0.0,0.0,0.0,Matches,Newcastle United ,0,0,0,0,0,0,1,0.0,1,0,0,0,0,0,1,0
367,Matt Ritchie,SCO,"FW,MF",32.0,7,0,39.0,0.4,0.0,0.0,0.0,0.0,0.0,0.0,0.0,0.0,0.0,0.0,0.1,0.1,1.0,1.0,9.0,Matches,Newcastle United ,1,1,0,1,0,1,3,33.3,2,0,0,0,1,2,0,0
368,Javier Manquillo,ESP,DF,28.0,4,0,37.0,0.4,0.0,0.0,0.0,0.0,0.0,0.0,0.0,0.0,0.0,0.0,0.0,0.0,2.0,4.0,1.0,Matches,Newcastle United ,3,2,2,1,0,2,2,100.0,0,1,0,1,1,4,1,0
369,Jonjo Shelvey,ENG,MF,30.0,3,0,37.0,0.4,0.0,0.0,0.0,0.0,0.0,0.0,0.0,0.0,0.0,0.0,0.0,0.0,0.0,3.0,0.0,Matches,Newcastle United ,1,0,1,0,0,0,1,0.0,1,1,0,1,0,1,0,0
370,Morgan Gibbs-White,ENG,"MF,FW",22.0,35,34,2971.0,33.0,5.0,8.0,13.0,3.0,2.0,2.0,5.0,0.0,6.0,4.4,8.2,12.7,69.0,131.0,157.0,Matches,Nottingham Forest ,26,14,7,7,12,11,32,34.4,21,23,4,19,14,40,15,0
371,Brennan Johnson,WAL,"FW,MF",21.0,38,33,2934.0,32.6,8.0,3.0,11.0,7.0,1.0,3.0,6.0,0.0,8.6,6.2,3.2,9.4,88.0,30.0,155.0,Matches,Nottingham Forest ,34,20,18,8,8,8,28,28.6,20,30,1,29,5,39,7,1
372,Renan Lodi,BRA,DF,24.0,28,26,2214.0,24.6,0.0,1.0,1.0,0.0,0.0,0.0,7.0,0.0,1.0,1.0,1.2,2.1,24.0,31.0,70.0,Matches,Nottingham Forest ,52,39,38,8,6,33,66,50.0,33,25,6,19,33,85,74,0
373,Remo Freuler,SUI,MF,30.0,28,24,2161.0,24.0,0.0,0.0,0.0,0.0,0.0,0.0,4.0,0.0,0.4,0.4,0.8,1.2,7.0,54.0,11.0,Matches,Nottingham Forest ,43,23,23,15,5,19,43,44.2,24,36,9,27,29,72,45,0
374,Serge Aurier,CIV,DF,29.0,24,22,1943.0,21.6,1.0,0.0,1.0,1.0,0.0,0.0,2.0,0.0,0.8,0.8,1.0,1.8,37.0,71.0,50.0,Matches,Nottingham Forest ,64,41,41,18,5,23,33,69.7,10,34,11,23,29,93,75,0
375,Joe Worrall,ENG,DF,25.0,30,21,2224.0,24.7,1.0,0.0,1.0,1.0,0.0,0.0,6.0,0.0,0.8,0.8,0.8,1.6,5.0,67.0,1.0,Matches,Nottingham Forest ,53,25,39,12,2,25,35,71.4,10,33,23,10,26,79,111,1
376,Ryan Yates,ENG,MF,24.0,26,21,1837.0,20.4,0.0,2.0,2.0,0.0,0.0,0.0,5.0,0.0,2.3,2.3,1.2,3.4,11.0,43.0,27.0,Matches,Nottingham Forest ,38,19,19,16,3,14,22,63.6,8,26,8,18,10,48,44,0
377,Neco Williams,WAL,DF,21.0,31,20,1882.0,20.9,1.0,0.0,1.0,1.0,0.0,0.0,7.0,0.0,1.3,1.3,1.4,2.7,51.0,33.0,67.0,Matches,Nottingham Forest ,72,47,49,17,6,38,71,53.5,33,33,8,25,33,105,48,0
378,Orel Mangala,BEL,MF,24.0,27,20,1550.0,17.2,1.0,1.0,2.0,1.0,0.0,0.0,3.0,0.0,0.6,0.6,0.4,0.9,14.0,43.0,8.0,Matches,Nottingham Forest ,28,20,16,10,2,12,29,41.4,17,21,7,14,23,51,15,0
379,Scott McKenna,SCO,DF,25.0,20,19,1571.0,17.5,0.0,0.0,0.0,0.0,0.0,0.0,4.0,0.0,0.1,0.1,1.0,1.1,5.0,35.0,2.0,Matches,Nottingham Forest ,12,7,7,3,2,6,10,60.0,4,20,14,6,12,24,85,1
380,Taiwo Awoniyi,NGA,FW,24.0,27,17,1404.0,15.6,10.0,1.0,11.0,10.0,0.0,0.0,2.0,0.0,6.6,6.6,1.1,7.7,18.0,12.0,55.0,Matches,Nottingham Forest ,17,10,2,10,5,6,10,60.0,4,18,4,14,4,21,20,0
381,Felipe,BRA,DF,33.0,16,15,1418.0,15.8,0.0,1.0,1.0,0.0,0.0,0.0,4.0,0.0,1.2,1.2,0.9,2.1,3.0,22.0,4.0,Matches,Nottingham Forest ,42,23,29,13,0,24,41,58.5,17,34,13,21,36,78,90,0
382,Moussa Niakhate,SEN,DF,26.0,14,14,1163.0,12.9,0.0,0.0,0.0,0.0,0.0,0.0,1.0,0.0,0.6,0.6,0.1,0.7,2.0,15.0,3.0,Matches,Nottingham Forest ,18,9,15,3,0,11,22,50.0,11,18,8,10,19,37,60,0
383,Danilo,BRA,MF,21.0,13,12,976.0,10.8,3.0,2.0,5.0,3.0,0.0,0.0,1.0,0.0,1.5,1.5,0.7,2.3,13.0,34.0,22.0,Matches,Nottingham Forest ,18,7,7,9,2,6,25,24.0,19,26,6,20,9,27,19,0
384,Jesse Lingard,ENG,"FW,MF",29.0,17,12,923.0,10.3,0.0,0.0,0.0,0.0,0.0,0.0,1.0,0.0,1.0,1.0,0.7,1.7,11.0,33.0,38.0,Matches,Nottingham Forest ,4,4,2,2,0,1,7,14.3,6,11,0,11,5,9,4,0
385,Steve Cook,ENG,DF,31.0,12,11,957.0,10.6,0.0,0.0,0.0,0.0,0.0,0.0,4.0,0.0,0.1,0.1,0.6,0.7,1.0,19.0,0.0,Matches,Nottingham Forest ,8,4,4,4,0,5,7,71.4,2,16,11,5,12,20,51,0
386,Cheikhou Kouyaté,SEN,MF,32.0,21,10,882.0,9.8,1.0,0.0,1.0,1.0,0.0,0.0,3.0,0.0,0.4,0.4,0.7,1.1,6.0,19.0,14.0,Matches,Nottingham Forest ,29,21,18,8,3,9,13,69.2,4,14,2,12,10,39,24,0
387,Harry Toffolo,ENG,DF,26.0,19,9,940.0,10.4,0.0,0.0,0.0,0.0,0.0,0.0,2.0,0.0,0.3,0.3,0.8,1.0,8.0,29.0,43.0,Matches,Nottingham Forest ,17,8,10,4,3,10,14,71.4,4,16,8,8,10,27,33,0
388,Willy Boly,CIV,DF,31.0,11,9,685.0,7.6,0.0,1.0,1.0,0.0,0.0,0.0,2.0,0.0,0.0,0.0,0.2,0.2,1.0,12.0,0.0,Matches,Nottingham Forest ,13,6,8,3,2,8,13,61.5,5,13,4,9,12,25,45,0
389,Emmanuel Dennis,NGA,"FW,MF",24.0,19,6,720.0,8.0,2.0,2.0,4.0,2.0,0.0,0.0,3.0,0.0,1.9,1.9,0.6,2.4,24.0,17.0,63.0,Matches,Nottingham Forest ,17,11,5,5,7,8,17,47.1,9,13,1,12,2,19,6,0
390,Lewis O'Brien,ENG,MF,23.0,13,6,584.0,6.5,1.0,0.0,1.0,1.0,0.0,0.0,2.0,0.0,0.3,0.3,0.2,0.5,13.0,21.0,3.0,Matches,Nottingham Forest ,16,9,4,11,1,6,12,50.0,6,13,2,11,5,21,9,0
391,Jonjo Shelvey,ENG,MF,30.0,8,6,540.0,6.0,0.0,0.0,0.0,0.0,0.0,0.0,2.0,0.0,0.2,0.2,0.3,0.5,1.0,34.0,0.0,Matches,Nottingham Forest ,2,1,0,1,1,1,9,11.1,8,7,2,5,5,7,10,1
392,Chris Wood,NZL,FW,30.0,7,5,372.0,4.1,1.0,0.0,1.0,1.0,0.0,0.0,0.0,0.0,1.0,1.0,0.2,1.2,2.0,7.0,12.0,Matches,Nottingham Forest ,0,0,0,0,0,0,1,0.0,1,2,1,1,1,1,2,0
393,Jack Colback,ENG,MF,32.0,11,4,497.0,5.5,0.0,0.0,0.0,0.0,0.0,0.0,0.0,0.0,0.0,0.0,0.2,0.2,5.0,16.0,3.0,Matches,Nottingham Forest ,18,13,12,6,0,5,8,62.5,3,3,0,3,3,21,9,0
394,Wayne Hennessey,WAL,GK,35.0,4,3,271.0,3.0,0.0,0.0,0.0,0.0,0.0,0.0,0.0,0.0,0.0,0.0,0.0,0.0,0.0,0.0,0.0,Matches,Nottingham Forest ,1,0,1,0,0,1,1,100.0,0,0,0,0,0,1,2,0
395,Gustavo Scarpa,BRA,"MF,FW",28.0,6,2,181.0,2.0,0.0,0.0,0.0,0.0,0.0,0.0,1.0,0.0,0.3,0.3,0.0,0.3,9.0,12.0,4.0,Matches,Nottingham Forest ,5,2,3,1,1,2,5,40.0,3,4,0,4,0,5,3,0
396,Sam Surridge,ENG,FW,24.0,20,1,323.0,3.6,1.0,0.0,1.0,1.0,0.0,0.0,2.0,0.0,1.8,1.8,0.1,1.8,2.0,6.0,17.0,Matches,Nottingham Forest ,5,0,1,3,1,1,4,25.0,3,5,2,3,0,5,7,0
397,André Ayew,GHA,"FW,MF",32.0,13,1,316.0,3.5,0.0,0.0,0.0,0.0,0.0,1.0,1.0,0.0,1.0,0.3,0.0,0.3,3.0,11.0,16.0,Matches,Nottingham Forest ,5,3,0,4,1,2,4,50.0,2,6,1,5,0,5,7,0
398,Giulian Biancone,FRA,DF,22.0,2,0,17.0,0.2,0.0,0.0,0.0,0.0,0.0,0.0,0.0,0.0,0.0,0.0,0.0,0.0,2.0,0.0,1.0,Matches,Nottingham Forest ,2,1,2,0,0,1,1,100.0,0,0,0,0,1,3,0,0
399,Alexander Mighten,ENG,FW,20.0,1,0,8.0,0.1,0.0,0.0,0.0,0.0,0.0,0.0,0.0,0.0,0.0,0.0,0.0,0.0,0.0,0.0,1.0,Matches,Nottingham Forest ,0,0,0,0,0,0,1,0.0,1,0,0,0,0,0,0,0
400,James Ward-Prowse,ENG,MF,27.0,38,38,3371.0,37.5,9.0,4.0,13.0,7.0,2.0,4.0,6.0,0.0,5.7,2.5,6.2,8.7,19.0,189.0,58.0,Matches,Southampton ,65,37,31,27,7,21,61,34.4,40,30,10,20,55,120,48,0
401,Gavin Bazunu,IRL,GK,20.0,32,32,2880.0,32.0,0.0,0.0,0.0,0.0,0.0,0.0,0.0,0.0,0.0,0.0,0.1,0.1,0.0,1.0,0.0,Matches,Southampton ,1,0,1,0,0,1,1,100.0,0,0,0,0,1,2,24,2
402,Kyle Walker-Peters,ENG,DF,25.0,31,30,2650.0,29.4,1.0,0.0,1.0,1.0,0.0,0.0,4.0,0.0,1.0,1.0,1.4,2.5,102.0,97.0,114.0,Matches,Southampton ,61,32,34,24,3,22,42,52.4,20,47,8,39,27,88,52,0
403,Mohamed Elyounoussi,NOR,"MF,FW",27.0,33,27,2168.0,24.1,1.0,1.0,2.0,1.0,0.0,0.0,4.0,0.0,3.5,3.5,2.1,5.6,56.0,50.0,98.0,Matches,Southampton ,46,28,22,20,4,19,43,44.2,24,40,3,37,27,73,37,0
404,Roméo Lavia,BEL,MF,18.0,29,26,2221.0,24.7,1.0,0.0,1.0,1.0,0.0,0.0,9.0,0.0,0.4,0.4,0.6,1.0,22.0,102.0,14.0,Matches,Southampton ,60,35,27,29,4,21,53,39.6,32,47,11,36,33,93,23,1
405,Armel Bella Kotchap,GER,DF,20.0,24,24,1879.0,20.9,0.0,2.0,2.0,0.0,0.0,0.0,4.0,0.0,1.0,1.0,1.0,2.1,9.0,39.0,2.0,Matches,Southampton ,37,17,28,9,0,15,20,75.0,5,29,12,17,44,81,110,0
406,Che Adams,SCO,FW,26.0,28,23,1992.0,22.1,5.0,3.0,8.0,5.0,0.0,0.0,1.0,0.0,6.6,6.6,2.8,9.4,17.0,34.0,115.0,Matches,Southampton ,17,13,7,8,2,7,12,58.3,5,13,4,9,4,21,22,0
407,Romain Perraud,FRA,DF,24.0,29,22,1835.0,20.4,2.0,2.0,4.0,2.0,0.0,0.0,4.0,0.0,1.3,1.3,1.9,3.2,33.0,62.0,122.0,Matches,Southampton ,54,33,23,23,8,28,52,53.8,24,24,6,18,20,74,42,0
408,Mohammed Salisu,GHA,DF,23.0,22,21,1973.0,21.9,0.0,1.0,1.0,0.0,0.0,0.0,5.0,0.0,1.5,1.5,0.6,2.1,5.0,82.0,4.0,Matches,Southampton ,51,29,33,16,2,24,34,70.6,10,56,25,31,31,82,122,1
409,Jan Bednarek,POL,DF,26.0,20,20,1672.0,18.6,0.0,0.0,0.0,0.0,0.0,0.0,5.0,0.0,0.4,0.4,0.1,0.5,8.0,45.0,2.0,Matches,Southampton ,27,21,20,7,0,12,16,75.0,4,38,27,11,49,76,87,0
410,Stuart Armstrong,SCO,"MF,FW",30.0,32,14,1408.0,15.6,2.0,1.0,3.0,2.0,0.0,0.0,6.0,0.0,2.4,2.4,2.2,4.7,61.0,75.0,88.0,Matches,Southampton ,32,21,15,13,4,14,39,35.9,25,18,0,18,10,42,9,1
411,Adam Armstrong,ENG,"FW,MF",25.0,30,14,1335.0,14.8,2.0,1.0,3.0,2.0,0.0,0.0,2.0,0.0,2.1,2.1,1.3,3.3,39.0,16.0,70.0,Matches,Southampton ,14,9,6,5,3,3,10,30.0,7,15,3,12,5,19,6,0
412,Ainsley Maitland-Niles,ENG,"DF,MF",24.0,22,13,1407.0,15.6,0.0,0.0,0.0,0.0,0.0,0.0,3.0,0.0,0.0,0.0,0.7,0.7,15.0,57.0,35.0,Matches,Southampton ,45,24,23,18,4,28,44,63.6,16,28,7,21,22,67,45,1
413,Joe Aribo,NGA,"MF,FW",26.0,21,13,1224.0,13.6,2.0,0.0,2.0,2.0,0.0,0.0,2.0,0.0,1.5,1.5,0.8,2.3,19.0,39.0,64.0,Matches,Southampton ,31,20,15,12,4,11,20,55.0,9,14,1,13,10,41,11,0
414,Theo Walcott,ENG,"FW,MF",33.0,20,13,1129.0,12.5,2.0,2.0,4.0,2.0,0.0,0.0,1.0,0.0,2.2,2.2,2.0,4.2,21.0,14.0,62.0,Matches,Southampton ,13,6,8,4,1,8,27,29.6,19,8,1,7,9,22,7,0
415,Carlos Alcaraz,ARG,"MF,FW",19.0,18,13,1029.0,11.4,4.0,2.0,6.0,4.0,0.0,0.0,3.0,0.0,1.9,1.9,0.7,2.6,20.0,28.0,32.0,Matches,Southampton ,10,5,2,7,1,6,22,27.3,16,14,5,9,1,11,11,0
416,Lyanco,BRA,DF,25.0,21,11,1180.0,13.1,1.0,1.0,2.0,1.0,0.0,0.0,4.0,0.0,0.6,0.6,0.5,1.0,13.0,35.0,4.0,Matches,Southampton ,24,16,15,9,0,12,18,66.7,6,30,25,5,20,44,65,2
417,Ibrahima Diallo,FRA,MF,23.0,18,11,819.0,9.1,0.0,0.0,0.0,0.0,0.0,0.0,4.0,0.0,0.2,0.2,0.1,0.3,9.0,28.0,6.0,Matches,Southampton ,25,15,14,10,1,8,14,57.1,6,11,1,10,6,31,11,0
418,Kamaldeen Sulemana,GHA,"FW,MF",20.0,18,10,966.0,10.7,2.0,1.0,3.0,2.0,0.0,0.0,1.0,0.0,1.7,1.7,1.3,3.0,32.0,36.0,80.0,Matches,Southampton ,15,9,4,7,4,4,14,28.6,10,16,0,16,6,21,6,0
419,Duje Ćaleta-Car,CRO,DF,25.0,13,9,946.0,10.5,1.0,0.0,1.0,1.0,0.0,0.0,2.0,0.0,0.8,0.8,0.0,0.8,5.0,33.0,0.0,Matches,Southampton ,14,10,9,4,1,6,9,66.7,3,15,11,4,15,29,65,1
420,Moussa Djenepo,MLI,"DF,FW",24.0,16,7,710.0,7.9,0.0,2.0,2.0,0.0,0.0,0.0,1.0,0.0,0.2,0.2,0.5,0.7,27.0,19.0,39.0,Matches,Southampton ,19,11,13,5,1,11,26,42.3,15,19,2,17,11,30,7,0
421,Alex McCarthy,ENG,GK,32.0,6,6,540.0,6.0,0.0,0.0,0.0,0.0,0.0,0.0,0.0,0.0,0.0,0.0,0.0,0.0,0.0,0.0,0.0,Matches,Southampton ,0,0,0,0,0,0,1,0.0,1,0,0,0,1,1,3,1
422,Samuel Edozie,ENG,"FW,MF",19.0,17,5,567.0,6.3,0.0,0.0,0.0,0.0,0.0,0.0,0.0,0.0,0.9,0.9,0.4,1.3,26.0,13.0,39.0,Matches,Southampton ,17,10,6,10,1,3,8,37.5,5,7,0,7,6,23,6,0
423,Sekou Mara,FRA,"FW,MF",20.0,22,4,555.0,6.2,1.0,2.0,3.0,1.0,0.0,0.0,1.0,0.0,1.0,1.0,0.8,1.8,7.0,7.0,27.0,Matches,Southampton ,14,10,5,8,1,3,9,33.3,6,11,0,11,1,15,5,0
424,Paul Onuachu,NGA,FW,28.0,11,4,407.0,4.5,0.0,0.0,0.0,0.0,0.0,0.0,0.0,0.0,1.3,1.3,0.1,1.4,1.0,7.0,22.0,Matches,Southampton ,3,2,1,1,1,1,3,33.3,2,4,1,3,0,3,4,0
425,James Bree,ENG,DF,24.0,5,4,367.0,4.1,0.0,0.0,0.0,0.0,0.0,0.0,1.0,0.0,0.0,0.0,0.2,0.3,4.0,5.0,12.0,Matches,Southampton ,5,3,4,1,0,3,4,75.0,1,3,1,2,6,11,11,0
426,Juan Larios,ESP,DF,18.0,5,2,152.0,1.7,0.0,0.0,0.0,0.0,0.0,0.0,0.0,0.0,0.0,0.0,0.0,0.0,10.0,4.0,1.0,Matches,Southampton ,7,6,6,1,0,5,5,100.0,0,2,0,2,3,10,4,0
427,Jack Stephens,ENG,DF,28.0,2,0,46.0,0.5,0.0,0.0,0.0,0.0,0.0,0.0,0.0,0.0,0.0,0.0,0.0,0.0,3.0,3.0,0.0,Matches,Southampton ,2,2,2,0,0,1,1,100.0,0,1,1,0,1,3,2,0
428,Samuel Amo-Ameyaw,ENG,MF,16.0,1,0,4.0,0.0,0.0,0.0,0.0,0.0,0.0,0.0,0.0,0.0,0.0,0.0,0.0,0.0,2.0,1.0,0.0,Matches,Southampton ,0,0,0,0,0,0,1,0.0,1,0,0,0,0,0,0,0
429,Harry Kane,ENG,FW,29.0,38,38,3405.0,37.8,30.0,3.0,33.0,25.0,5.0,6.0,6.0,0.0,21.5,16.7,7.0,23.7,60.0,180.0,193.0,Matches,Tottenham Hotspur ,15,12,1,6,8,7,21,33.3,14,27,7,20,2,17,18,0
430,Pierre Højbjerg,DEN,MF,26.0,35,35,3131.0,34.8,4.0,5.0,9.0,4.0,0.0,0.0,5.0,0.0,2.0,2.0,3.1,5.1,46.0,235.0,66.0,Matches,Tottenham Hotspur ,56,30,28,22,6,26,67,38.8,41,46,17,29,49,105,64,1
431,Son Heung-min,KOR,"MF,FW",30.0,36,33,2888.0,32.1,10.0,6.0,16.0,10.0,0.0,0.0,2.0,0.0,10.1,10.1,6.5,16.6,82.0,79.0,196.0,Matches,Tottenham Hotspur ,24,12,7,8,9,9,30,30.0,21,23,2,21,13,37,6,0
432,Eric Dier,ENG,DF,28.0,33,31,2818.0,31.3,2.0,1.0,3.0,2.0,0.0,0.0,3.0,0.0,1.6,1.6,1.2,2.8,9.0,87.0,14.0,Matches,Tottenham Hotspur ,30,19,16,12,2,9,19,47.4,10,41,24,17,35,65,112,2
433,Cristian Romero,ARG,DF,24.0,27,26,2364.0,26.3,0.0,1.0,1.0,0.0,0.0,0.0,11.0,1.0,1.5,1.5,1.2,2.6,19.0,92.0,9.0,Matches,Tottenham Hotspur ,68,36,42,24,2,29,46,63.0,17,40,18,22,44,112,102,3
434,Ben Davies,WAL,DF,29.0,31,26,2288.0,25.4,2.0,2.0,4.0,2.0,0.0,0.0,4.0,0.0,1.0,1.0,2.5,3.5,39.0,107.0,69.0,Matches,Tottenham Hotspur ,28,11,13,13,2,14,26,53.8,12,17,8,9,18,46,72,0
435,Hugo Lloris,FRA,GK,35.0,25,25,2205.0,24.5,0.0,0.0,0.0,0.0,0.0,0.0,0.0,0.0,0.0,0.0,0.0,0.0,0.0,0.0,0.0,Matches,Tottenham Hotspur ,1,1,1,0,0,1,3,33.3,2,0,0,0,1,2,13,4
436,Clément Lenglet,FRA,DF,27.0,26,24,2019.0,22.4,0.0,2.0,2.0,0.0,0.0,0.0,4.0,0.0,1.0,1.0,0.6,1.6,33.0,85.0,7.0,Matches,Tottenham Hotspur ,38,23,18,15,5,16,34,47.1,18,26,11,15,18,56,68,2
437,Ivan Perišić,CRO,"DF,MF",33.0,34,23,2108.0,23.4,1.0,8.0,9.0,1.0,0.0,0.0,6.0,0.0,2.6,2.6,6.1,8.8,87.0,61.0,181.0,Matches,Tottenham Hotspur ,42,24,25,10,7,27,47,57.4,20,29,7,22,22,64,49,1
438,Dejan Kulusevski,SWE,"MF,FW",22.0,30,23,2067.0,23.0,2.0,7.0,9.0,2.0,0.0,0.0,2.0,0.0,2.6,2.6,4.7,7.2,87.0,67.0,195.0,Matches,Tottenham Hotspur ,38,15,23,7,8,16,44,36.4,28,19,0,19,13,51,7,0
439,Emerson,BRA,DF,23.0,26,20,1735.0,19.3,2.0,1.0,3.0,2.0,0.0,0.0,2.0,1.0,1.7,1.7,0.6,2.3,47.0,80.0,103.0,Matches,Tottenham Hotspur ,54,33,38,12,4,27,40,67.5,13,17,3,14,18,72,75,0
440,Oliver Skipp,ENG,MF,21.0,23,18,1491.0,16.6,1.0,0.0,1.0,1.0,0.0,0.0,7.0,0.0,0.3,0.3,0.6,0.9,14.0,56.0,25.0,Matches,Tottenham Hotspur ,34,17,18,15,1,16,33,48.5,17,17,8,9,17,51,19,1
441,Rodrigo Bentancur,URU,MF,25.0,18,17,1500.0,16.7,5.0,2.0,7.0,5.0,0.0,0.0,8.0,0.0,2.2,2.2,0.8,3.1,26.0,76.0,19.0,Matches,Tottenham Hotspur ,45,28,15,21,9,16,28,57.1,12,28,15,13,20,65,22,0
442,Pedro Porro,ESP,"DF,MF",22.0,15,13,1131.0,12.6,3.0,3.0,6.0,3.0,0.0,0.0,0.0,0.0,1.8,1.8,3.0,4.8,34.0,39.0,95.0,Matches,Tottenham Hotspur ,25,16,8,15,2,14,39,35.9,25,25,2,23,15,40,24,1
443,Richarlison,BRA,"MF,FW",25.0,27,12,1010.0,11.2,1.0,3.0,4.0,1.0,0.0,0.0,3.0,0.0,3.3,3.3,2.2,5.5,33.0,28.0,75.0,Matches,Tottenham Hotspur ,21,16,13,5,3,12,27,44.4,15,14,1,13,5,26,10,0
444,Yves Bissouma,MLI,MF,25.0,23,10,1010.0,11.2,0.0,0.0,0.0,0.0,0.0,0.0,6.0,0.0,0.2,0.2,0.5,0.7,14.0,62.0,10.0,Matches,Tottenham Hotspur ,16,13,6,6,4,2,7,28.6,5,15,6,9,12,28,10,0
445,Ryan Sessegnon,ENG,DF,22.0,17,9,813.0,9.0,2.0,0.0,2.0,2.0,0.0,0.0,4.0,0.0,1.6,1.6,1.1,2.7,24.0,22.0,64.0,Matches,Tottenham Hotspur ,16,11,9,7,0,6,12,50.0,6,8,1,7,6,22,17,1
446,Davinson Sánchez,COL,DF,26.0,18,8,858.0,9.5,0.0,0.0,0.0,0.0,0.0,0.0,1.0,0.0,0.6,0.6,0.4,1.0,5.0,35.0,4.0,Matches,Tottenham Hotspur ,24,11,17,6,1,14,20,70.0,6,16,10,6,12,36,41,0
447,Matt Doherty,IRL,"DF,MF",30.0,12,7,667.0,7.4,1.0,0.0,1.0,1.0,0.0,0.0,0.0,0.0,0.8,0.8,0.3,1.0,16.0,20.0,57.0,Matches,Tottenham Hotspur ,16,10,12,3,1,8,10,80.0,2,11,6,5,8,24,14,1
448,Pape Matar Sarr,SEN,"MF,FW",19.0,11,2,218.0,2.4,0.0,1.0,1.0,0.0,0.0,0.0,1.0,0.0,0.1,0.1,0.3,0.4,1.0,13.0,0.0,Matches,Tottenham Hotspur ,7,6,4,2,1,4,8,50.0,4,3,2,1,6,13,6,0
449,Bryan Gil,ESP,"MF,FW",21.0,4,2,148.0,1.6,0.0,1.0,1.0,0.0,0.0,0.0,1.0,0.0,0.1,0.1,0.2,0.3,4.0,5.0,15.0,Matches,Tottenham Hotspur ,3,1,3,0,0,0,3,0.0,3,3,0,3,1,4,1,0
450,Japhet Tanganga,ENG,DF,23.0,4,2,146.0,1.6,0.0,0.0,0.0,0.0,0.0,0.0,0.0,0.0,0.0,0.0,0.0,0.0,1.0,5.0,2.0,Matches,Tottenham Hotspur ,3,2,3,0,0,1,5,20.0,4,1,0,1,2,5,8,0
451,Lucas Moura,BRA,"MF,DF",29.0,15,0,153.0,1.7,1.0,0.0,1.0,1.0,0.0,0.0,0.0,1.0,0.5,0.5,0.3,0.9,4.0,13.0,15.0,Matches,Tottenham Hotspur ,8,5,1,3,4,1,4,25.0,3,0,0,0,2,10,1,1
452,Harvey White,ENG,MF,20.0,1,0,5.0,0.1,0.0,0.0,0.0,0.0,0.0,0.0,0.0,0.0,0.0,0.0,0.0,0.0,0.0,0.0,1.0,Matches,Tottenham Hotspur ,0,0,0,0,0,0,1,0.0,1,0,0,0,0,0,0,0
453,Declan Rice,ENG,MF,23.0,37,36,3273.0,36.4,4.0,1.0,5.0,4.0,0.0,1.0,5.0,0.0,2.4,1.6,3.2,4.8,88.0,240.0,37.0,Matches,West Ham United ,79,38,44,31,4,31,50,62.0,19,45,15,30,63,142,58,0
454,Jarrod Bowen,ENG,"FW,MF",25.0,38,36,3233.0,35.9,6.0,5.0,11.0,5.0,1.0,2.0,2.0,0.0,8.9,7.8,7.4,15.2,102.0,72.0,213.0,Matches,West Ham United ,39,16,14,11,14,16,57,28.1,41,47,9,38,36,75,25,0
455,Łukasz Fabiański,POL,GK,37.0,36,36,3111.0,34.6,0.0,0.0,0.0,0.0,0.0,0.0,1.0,0.0,0.0,0.0,0.0,0.0,0.0,0.0,0.0,Matches,West Ham United ,2,0,2,0,0,1,2,50.0,1,1,0,1,0,2,10,1
456,Tomáš Souček,CZE,MF,27.0,36,32,2815.0,31.3,2.0,3.0,5.0,2.0,0.0,0.0,3.0,0.0,4.0,4.0,1.9,6.0,11.0,88.0,52.0,Matches,West Ham United ,77,37,41,29,7,28,58,48.3,30,42,17,25,53,130,71,3
457,Lucas Paquetá,BRA,MF,24.0,28,27,2151.0,23.9,4.0,3.0,7.0,3.0,1.0,1.0,5.0,0.0,4.4,3.6,2.5,6.1,25.0,147.0,63.0,Matches,West Ham United ,71,53,23,36,12,27,66,40.9,39,41,4,37,16,87,31,0
458,Thilo Kehrer,GER,DF,25.0,27,25,2230.0,24.8,0.0,2.0,2.0,0.0,0.0,0.0,4.0,0.0,0.5,0.5,0.6,1.1,15.0,60.0,29.0,Matches,West Ham United ,43,24,25,14,4,21,44,47.7,23,16,6,10,34,77,76,1
459,Aaron Cresswell,ENG,DF,32.0,28,24,2235.0,24.8,0.0,1.0,1.0,0.0,0.0,0.0,3.0,0.0,0.3,0.3,3.7,4.0,35.0,145.0,82.0,Matches,West Ham United ,21,11,12,7,2,12,31,38.7,19,21,11,10,27,48,56,0
460,Vladimír Coufal,CZE,DF,29.0,27,24,2136.0,23.7,0.0,1.0,1.0,0.0,0.0,0.0,5.0,0.0,0.3,0.3,2.5,2.7,53.0,82.0,109.0,Matches,West Ham United ,58,31,37,15,6,36,51,70.6,15,24,6,18,38,96,70,0
461,Kurt Zouma,FRA,DF,27.0,25,24,1989.0,22.1,2.0,0.0,2.0,2.0,0.0,0.0,0.0,0.0,2.2,2.2,0.1,2.3,3.0,31.0,1.0,Matches,West Ham United ,9,4,4,5,0,5,8,62.5,3,17,14,3,30,39,120,1
462,Saïd Benrahma,ALG,"FW,MF",26.0,35,22,2069.0,23.0,6.0,3.0,9.0,2.0,4.0,4.0,0.0,0.0,7.0,3.9,4.5,8.4,109.0,82.0,237.0,Matches,West Ham United ,25,15,11,7,7,11,27,40.7,16,23,1,22,9,34,13,0
463,Michail Antonio,JAM,FW,32.0,33,21,1829.0,20.3,5.0,3.0,8.0,5.0,0.0,0.0,2.0,0.0,6.6,6.6,1.3,7.8,49.0,27.0,120.0,Matches,West Ham United ,14,7,1,8,5,3,12,25.0,9,13,5,8,5,19,9,0
464,Nayef Aguerd,MAR,DF,26.0,18,17,1595.0,17.7,2.0,0.0,2.0,2.0,0.0,0.0,4.0,0.0,2.2,2.2,0.5,2.7,2.0,25.0,4.0,Matches,West Ham United ,27,18,18,8,1,13,20,65.0,7,26,24,2,18,45,79,2
465,Pablo Fornals,ESP,"FW,MF",26.0,32,17,1503.0,16.7,3.0,1.0,4.0,3.0,0.0,0.0,0.0,0.0,2.2,2.2,1.7,3.9,33.0,89.0,101.0,Matches,West Ham United ,30,15,9,12,9,13,34,38.2,21,16,2,14,14,44,9,0
466,Emerson Palmieri,ITA,DF,27.0,22,16,1320.0,14.7,1.0,0.0,1.0,1.0,0.0,0.0,2.0,0.0,0.8,0.8,0.9,1.7,38.0,45.0,57.0,Matches,West Ham United ,26,14,9,15,2,12,24,50.0,12,17,4,13,15,41,36,0
467,Angelo Ogbonna,ITA,DF,34.0,16,13,1237.0,13.7,0.0,0.0,0.0,0.0,0.0,0.0,0.0,0.0,0.3,0.3,0.2,0.5,0.0,11.0,2.0,Matches,West Ham United ,11,4,7,4,0,5,10,50.0,5,11,7,4,17,28,74,1
468,Gianluca Scamacca,ITA,FW,23.0,16,11,926.0,10.3,3.0,0.0,3.0,3.0,0.0,0.0,3.0,0.0,2.5,2.5,0.7,3.1,13.0,17.0,48.0,Matches,West Ham United ,10,5,1,3,6,2,2,100.0,0,3,0,3,4,14,5,0
469,Ben Johnson,ENG,DF,22.0,17,9,866.0,9.6,0.0,0.0,0.0,0.0,0.0,0.0,0.0,0.0,0.1,0.1,0.2,0.3,15.0,37.0,22.0,Matches,West Ham United ,20,14,12,4,4,12,18,66.7,6,12,4,8,9,29,28,1
470,Craig Dawson,ENG,DF,32.0,8,8,720.0,8.0,0.0,0.0,0.0,0.0,0.0,0.0,2.0,0.0,0.5,0.5,0.1,0.6,0.0,18.0,1.0,Matches,West Ham United ,10,6,8,2,0,4,6,66.7,2,9,6,3,6,16,26,0
471,Danny Ings,ENG,FW,30.0,17,7,775.0,8.6,2.0,2.0,4.0,2.0,0.0,0.0,1.0,0.0,3.0,3.0,1.0,4.0,9.0,12.0,44.0,Matches,West Ham United ,9,8,0,4,5,5,14,35.7,9,8,2,6,3,12,5,0
472,Flynn Downes,ENG,MF,23.0,21,7,762.0,8.5,0.0,0.0,0.0,0.0,0.0,0.0,2.0,0.0,0.4,0.4,0.1,0.5,3.0,22.0,11.0,Matches,West Ham United ,16,9,4,10,2,6,12,50.0,6,15,2,13,7,23,6,0
473,Manuel Lanzini,ARG,"MF,FW",29.0,10,2,252.0,2.8,1.0,0.0,1.0,1.0,0.0,0.0,0.0,0.0,0.5,0.5,0.2,0.7,2.0,19.0,6.0,Matches,West Ham United ,2,2,1,1,0,2,6,33.3,4,2,0,2,2,4,0,0
474,Maxwel Cornet,CIV,FW,25.0,14,2,245.0,2.7,0.0,0.0,0.0,0.0,0.0,0.0,0.0,0.0,1.3,1.3,0.1,1.3,9.0,5.0,26.0,Matches,West Ham United ,7,3,5,0,2,4,6,66.7,2,6,0,6,2,9,3,0
475,Max Kilman,ENG,DF,25.0,37,37,3307.0,36.7,0.0,0.0,0.0,0.0,0.0,0.0,3.0,0.0,1.3,1.3,0.2,1.6,30.0,127.0,5.0,Matches,Wolverhampton Wanderers ,36,20,26,9,1,16,30,53.3,14,70,42,28,19,55,164,1
476,José Sá,POR,GK,29.0,36,36,3240.0,36.0,0.0,0.0,0.0,0.0,0.0,0.0,2.0,0.0,0.0,0.0,0.0,0.0,0.0,0.0,0.0,Matches,Wolverhampton Wanderers ,1,0,1,0,0,1,1,100.0,0,0,0,0,0,1,10,6
477,Rúben Neves,POR,MF,25.0,35,33,3019.0,33.5,6.0,1.0,7.0,3.0,3.0,3.0,12.0,0.0,5.2,2.8,1.6,4.4,28.0,218.0,18.0,Matches,Wolverhampton Wanderers ,79,43,31,33,15,32,74,43.2,42,59,22,37,50,129,85,1
478,Nélson Semedo,POR,DF,28.0,36,31,2632.0,29.2,0.0,1.0,1.0,0.0,0.0,0.0,11.0,1.0,0.4,0.4,0.7,1.2,50.0,110.0,147.0,Matches,Wolverhampton Wanderers ,71,42,48,19,4,33,64,51.6,31,42,15,27,29,100,83,2
479,Matheus Nunes,POR,MF,23.0,34,30,2467.0,27.4,1.0,1.0,2.0,1.0,0.0,0.0,2.0,1.0,2.4,2.4,2.2,4.7,59.0,84.0,129.0,Matches,Wolverhampton Wanderers ,67,43,36,22,9,28,61,45.9,33,35,4,31,16,83,35,2
480,João Moutinho,POR,MF,35.0,31,20,1780.0,19.8,0.0,2.0,2.0,0.0,0.0,0.0,3.0,0.0,1.3,1.3,2.6,3.9,23.0,132.0,32.0,Matches,Wolverhampton Wanderers ,51,30,24,21,6,19,46,41.3,27,22,6,16,18,69,20,0
481,Daniel Podence,POR,"FW,MF",26.0,32,20,1771.0,19.7,6.0,0.0,6.0,6.0,0.0,0.0,5.0,0.0,3.9,3.9,2.5,6.4,43.0,95.0,148.0,Matches,Wolverhampton Wanderers ,27,17,13,9,5,6,31,19.4,25,19,0,19,7,34,6,0
482,Nathan Collins,IRL,DF,21.0,26,19,1814.0,20.2,0.0,0.0,0.0,0.0,0.0,0.0,2.0,1.0,0.2,0.2,0.1,0.3,11.0,64.0,5.0,Matches,Wolverhampton Wanderers ,27,15,19,8,0,15,24,62.5,9,35,28,7,21,48,84,0
483,Craig Dawson,ENG,DF,32.0,17,17,1414.0,15.7,1.0,0.0,1.0,1.0,0.0,0.0,4.0,0.0,1.0,1.0,0.0,1.0,5.0,44.0,1.0,Matches,Wolverhampton Wanderers ,9,6,6,3,0,4,7,57.1,3,31,23,8,12,21,74,2
484,Mario Lemina,GAB,MF,28.0,19,17,1299.0,14.4,0.0,1.0,1.0,0.0,0.0,0.0,4.0,1.0,0.3,0.3,0.3,0.6,6.0,42.0,9.0,Matches,Wolverhampton Wanderers ,38,24,22,13,3,20,38,52.6,18,26,8,18,14,52,24,1
485,Hugo Bueno,ESP,DF,19.0,21,16,1310.0,14.6,0.0,1.0,1.0,0.0,0.0,0.0,1.0,0.0,0.2,0.2,1.3,1.5,52.0,39.0,64.0,Matches,Wolverhampton Wanderers ,33,16,23,6,4,17,33,51.5,16,14,1,13,10,43,36,0
486,Diego Costa,ESP,FW,33.0,23,16,1241.0,13.8,1.0,0.0,1.0,1.0,0.0,0.0,5.0,1.0,3.2,3.2,0.7,3.9,19.0,13.0,60.0,Matches,Wolverhampton Wanderers ,3,1,3,0,0,2,9,22.2,7,6,1,5,2,5,17,0
487,Jonny Castro,ESP,DF,28.0,18,14,1261.0,14.0,1.0,0.0,1.0,1.0,0.0,0.0,3.0,1.0,0.3,0.3,1.0,1.3,24.0,70.0,46.0,Matches,Wolverhampton Wanderers ,34,15,23,10,1,18,37,48.6,19,26,5,21,14,48,28,2
488,Pedro Neto,POR,"FW,MF",22.0,18,13,964.0,10.7,0.0,0.0,0.0,0.0,0.0,0.0,1.0,0.0,1.1,1.1,2.1,3.2,37.0,24.0,111.0,Matches,Wolverhampton Wanderers ,11,6,4,2,5,7,17,41.2,10,5,1,4,4,15,4,0
489,Adama Traoré,ESP,"FW,MF",26.0,34,12,1496.0,16.6,2.0,1.0,3.0,2.0,0.0,0.0,2.0,0.0,1.4,1.4,3.7,5.1,85.0,36.0,156.0,Matches,Wolverhampton Wanderers ,14,7,7,4,3,4,9,44.4,5,8,1,7,3,17,17,0
490,Hwang Hee-chan,KOR,"FW,MF",26.0,27,12,1130.0,12.6,3.0,1.0,4.0,3.0,0.0,0.0,1.0,0.0,2.9,2.9,1.1,4.0,25.0,30.0,60.0,Matches,Wolverhampton Wanderers ,20,9,7,8,5,6,19,31.6,13,18,2,16,5,25,5,0
491,Matheus Cunha,BRA,FW,23.0,17,12,965.0,10.7,2.0,0.0,2.0,2.0,0.0,0.0,1.0,0.0,2.0,2.0,0.6,2.6,16.0,14.0,43.0,Matches,Wolverhampton Wanderers ,7,4,0,5,2,2,10,20.0,8,15,3,12,9,16,11,0
492,Toti Gomes,POR,DF,23.0,17,10,984.0,10.9,1.0,0.0,1.0,1.0,0.0,0.0,6.0,0.0,0.4,0.4,0.3,0.7,4.0,27.0,23.0,Matches,Wolverhampton Wanderers ,15,9,11,4,0,9,13,69.2,4,16,8,8,11,26,51,0
493,Rayan Aït Nouri,ALG,DF,21.0,21,9,1076.0,12.0,1.0,0.0,1.0,1.0,0.0,0.0,4.0,0.0,0.7,0.7,1.0,1.7,30.0,43.0,76.0,Matches,Wolverhampton Wanderers ,33,20,25,7,1,9,15,60.0,6,3,0,3,9,42,28,0
494,Pablo Sarabia,ESP,"FW,MF",30.0,13,9,765.0,8.5,1.0,0.0,1.0,1.0,0.0,0.0,3.0,0.0,3.1,3.1,0.8,3.9,17.0,41.0,54.0,Matches,Wolverhampton Wanderers ,12,6,4,5,3,6,15,40.0,9,7,0,7,2,14,4,0
495,Raúl Jiménez,MEX,FW,31.0,15,8,846.0,9.4,0.0,1.0,1.0,0.0,0.0,0.0,0.0,0.0,2.6,2.6,1.7,4.3,5.0,14.0,45.0,Matches,Wolverhampton Wanderers ,9,6,3,5,1,3,6,50.0,3,9,0,9,0,9,8,0
496,Gonçalo Guedes,POR,"FW,MF",25.0,13,8,707.0,7.9,1.0,1.0,2.0,1.0,0.0,0.0,1.0,0.0,1.2,1.2,0.5,1.7,20.0,16.0,54.0,Matches,Wolverhampton Wanderers ,8,6,4,3,1,5,8,62.5,3,4,0,4,1,9,2,0
497,João Gomes,BRA,MF,21.0,11,7,653.0,7.3,1.0,0.0,1.0,1.0,0.0,0.0,5.0,0.0,0.3,0.3,0.2,0.4,7.0,19.0,8.0,Matches,Wolverhampton Wanderers ,29,13,14,14,1,13,23,56.5,10,12,3,9,4,33,11,0
498,Boubacar Traoré,MLI,MF,20.0,10,4,411.0,4.6,0.0,1.0,1.0,0.0,0.0,0.0,2.0,0.0,0.1,0.1,0.2,0.2,4.0,8.0,2.0,Matches,Wolverhampton Wanderers ,12,5,4,5,3,3,7,42.9,4,4,2,2,7,19,1,0
499,Leander Dendoncker,BEL,MF,27.0,4,2,214.0,2.4,0.0,0.0,0.0,0.0,0.0,0.0,0.0,0.0,0.7,0.7,0.0,0.7,1.0,6.0,3.0,Matches,Wolverhampton Wanderers ,4,2,0,3,1,2,3,66.7,1,2,0,2,9,13,4,0
500,Daniel Bentley,ENG,GK,29.0,2,2,180.0,2.0,0.0,0.0,0.0,0.0,0.0,0.0,0.0,0.0,0.0,0.0,0.0,0.0,0.0,0.0,0.0,Matches,Wolverhampton Wanderers ,1,1,1,0,0,1,1,100.0,0,0,0,0,0,1,0,0
501,Morgan Gibbs-White,ENG,"FW,MF",22.0,2,2,180.0,2.0,0.0,0.0,0.0,0.0,0.0,0.0,1.0,0.0,0.7,0.7,0.1,0.8,4.0,12.0,12.0,Matches,Wolverhampton Wanderers ,3,1,3,0,0,2,3,66.7,1,2,0,2,1,4,3,0
502,Joseph Hodge,IRL,MF,19.0,6,1,175.0,1.9,0.0,0.0,0.0,0.0,0.0,0.0,1.0,0.0,0.3,0.3,0.1,0.3,1.0,8.0,5.0,Matches,Wolverhampton Wanderers ,5,2,1,3,1,3,4,75.0,1,5,0,5,0,5,2,1
503,Chem Campbell,WAL,"FW,MF",19.0,5,0,74.0,0.8,0.0,0.0,0.0,0.0,0.0,0.0,0.0,0.0,0.1,0.1,0.0,0.1,2.0,4.0,10.0,Matches,Wolverhampton Wanderers ,2,1,1,1,0,0,1,0.0,1,2,0,2,1,3,0,0
